clip_id,label,frame_index,sample_verdict,window_verdict,reason,landmark_count,left_brightness,right_brightness,left_blur,right_blur,iod_px,h_inlier,h_residual_pct,h_p95_pct,f_inlier,f_sampson_pct,live_votes,spoof_votes,inconclusive_votes
pilot01/EMPTY/20260714_151020,EMPTY,0,INCONCLUSIVE,,face landmarks missing in one or both cameras,,144.895907079646,145.59378456858408,340.72153226582503,345.8155721345397,,,,,,,,,
pilot01/EMPTY/20260714_151020,EMPTY,5,INCONCLUSIVE,,face landmarks missing in one or both cameras,,144.8789097068584,145.58361449115046,353.08636518508416,354.01586758255314,,,,,,,,,
pilot01/EMPTY/20260714_151020,EMPTY,10,INCONCLUSIVE,INCONCLUSIVE,temporal vote did not reach a fail-safe majority,,144.9292450221239,145.44146847345132,356.166942363186,353.4443701513044,,,,,,,0,0,3
pilot01/EMPTY/20260714_151020,EMPTY,15,INCONCLUSIVE,INCONCLUSIVE,temporal vote did not reach a fail-safe majority,,144.94637375553097,145.31560771570796,357.6824569705136,353.126496953481,,,,,,,0,0,3
pilot01/EMPTY/20260714_151020,EMPTY,20,INCONCLUSIVE,INCONCLUSIVE,temporal vote did not reach a fail-safe majority,,145.29986518252213,145.24200428650443,364.7390968281407,352.73218535063666,,,,,,,0,0,3
pilot01/EMPTY/20260714_151020,EMPTY,25,INCONCLUSIVE,INCONCLUSIVE,temporal vote did not reach a fail-safe majority,,145.28429549225663,145.28553650442478,363.62920413921654,352.2652065671625,,,,,,,0,0,3
pilot01/EMPTY/20260714_151020,EMPTY,30,INCONCLUSIVE,INCONCLUSIVE,temporal vote did not reach a fail-safe majority,,145.23279175884954,145.3577087942478,361.292641523255,351.84701898809493,,,,,,,0,0,3
pilot01/EMPTY/20260714_151020,EMPTY,35,INCONCLUSIVE,INCONCLUSIVE,temporal vote did not reach a fail-safe majority,,145.2192408738938,145.39478705752214,362.1963003121554,351.9333166948441,,,,,,,0,0,3
pilot01/EMPTY/20260714_151020,EMPTY,40,INCONCLUSIVE,INCONCLUSIVE,temporal vote did not reach a fail-safe majority,,145.14117809734512,145.2770015210177,360.17778543779855,350.9630978930582,,,,,,,0,0,3
pilot01/EMPTY/20260714_151020,EMPTY,45,INCONCLUSIVE,INCONCLUSIVE,temporal vote did not reach a fail-safe majority,,144.9746128318584,145.13463080752211,359.8669282707521,351.68889047880054,,,,,,,0,0,3
pilot01/EMPTY/20260714_151020,EMPTY,50,INCONCLUSIVE,INCONCLUSIVE,temporal vote did not reach a fail-safe majority,,144.8338391869469,145.05296598451326,360.7337643104832,350.6743058731446,,,,,,,0,0,3
pilot01/EMPTY/20260714_151020,EMPTY,55,INCONCLUSIVE,INCONCLUSIVE,temporal vote did not reach a fail-safe majority,,144.7548810840708,144.9917519358407,359.25536241516886,351.1814268267083,,,,,,,0,0,3
pilot01/EMPTY/20260714_151020,EMPTY,60,INCONCLUSIVE,INCONCLUSIVE,temporal vote did not reach a fail-safe majority,,144.7298257743363,145.03236656526548,360.7897402784533,352.2609616440432,,,,,,,0,0,3
pilot01/EMPTY/20260714_151020,EMPTY,65,INCONCLUSIVE,INCONCLUSIVE,temporal vote did not reach a fail-safe majority,,144.86021155973452,145.1166032909292,360.88096836732694,352.02996745156537,,,,,,,0,0,3
pilot01/EMPTY/20260714_151020,EMPTY,70,INCONCLUSIVE,INCONCLUSIVE,temporal vote did not reach a fail-safe majority,,144.98477599557523,145.2382259402655,359.6320967419798,352.3461223736552,,,,,,,0,0,3
pilot01/EMPTY/20260714_151020,EMPTY,75,INCONCLUSIVE,INCONCLUSIVE,temporal vote did not reach a fail-safe majority,,145.11613315818585,145.35372649336284,360.3596811288551,352.43373680274277,,,,,,,0,0,3
pilot01/EMPTY/20260714_151020,EMPTY,80,INCONCLUSIVE,INCONCLUSIVE,temporal vote did not reach a fail-safe majority,,145.14364975110618,145.38088011615045,360.12766461911536,352.14363622380546,,,,,,,0,0,3
pilot01/EMPTY/20260714_151020,EMPTY,85,INCONCLUSIVE,INCONCLUSIVE,temporal vote did not reach a fail-safe majority,,145.17074115044247,145.393359375,360.08835301728675,353.5403832100459,,,,,,,0,0,3
pilot01/EMPTY/20260714_151020,EMPTY,90,INCONCLUSIVE,INCONCLUSIVE,temporal vote did not reach a fail-safe majority,,145.07067547013276,145.31015279314158,360.57762512598987,353.28493114002106,,,,,,,0,0,3
pilot01/EMPTY/20260714_151020,EMPTY,95,INCONCLUSIVE,INCONCLUSIVE,temporal vote did not reach a fail-safe majority,,145.04758711283185,145.28176507190267,361.3540245707301,352.60640998427465,,,,,,,0,0,3
pilot01/EMPTY/20260714_151020,EMPTY,100,INCONCLUSIVE,INCONCLUSIVE,temporal vote did not reach a fail-safe majority,,145.1772953539823,145.32578125,360.50526842352565,352.66158566931625,,,,,,,0,0,3
pilot01/EMPTY/20260714_151020,EMPTY,105,INCONCLUSIVE,INCONCLUSIVE,temporal vote did not reach a fail-safe majority,,145.2370056692478,145.4008227323009,361.73050917209645,351.68905774892283,,,,,,,0,0,3
pilot01/EMPTY/20260714_151020,EMPTY,110,INCONCLUSIVE,INCONCLUSIVE,temporal vote did not reach a fail-safe majority,,145.45116496128318,145.42794524336284,360.97994107422284,351.14271477625715,,,,,,,0,0,3
pilot01/EMPTY/20260714_151020,EMPTY,115,INCONCLUSIVE,INCONCLUSIVE,temporal vote did not reach a fail-safe majority,,145.1177267699115,145.47111794800884,354.0913716735768,353.24824769006864,,,,,,,0,0,3
pilot01/EMPTY/20260714_151020,EMPTY,120,INCONCLUSIVE,INCONCLUSIVE,temporal vote did not reach a fail-safe majority,,145.07697386615044,145.44131291482302,358.38045854748776,352.94628850074855,,,,,,,0,0,3
pilot01/EMPTY/20260714_151020,EMPTY,125,INCONCLUSIVE,INCONCLUSIVE,temporal vote did not reach a fail-safe majority,,144.86886753318583,145.3149405420354,357.8429717472186,352.12515357541594,,,,,,,0,0,3
pilot01/EMPTY/20260714_151020,EMPTY,130,INCONCLUSIVE,INCONCLUSIVE,temporal vote did not reach a fail-safe majority,,144.7298845409292,145.20758780420354,355.81881943620164,351.9353293695717,,,,,,,0,0,3
pilot01/EMPTY/20260714_151020,EMPTY,135,INCONCLUSIVE,INCONCLUSIVE,temporal vote did not reach a fail-safe majority,,144.80022123893806,145.281360619469,357.1618963754974,353.177302487278,,,,,,,0,0,3
pilot01/EMPTY/20260714_151020,EMPTY,140,INCONCLUSIVE,INCONCLUSIVE,temporal vote did not reach a fail-safe majority,,144.9330510232301,145.4150373340708,356.1452806538831,354.03100991008216,,,,,,,0,0,3
pilot01/EMPTY/20260714_151020,EMPTY,145,INCONCLUSIVE,INCONCLUSIVE,temporal vote did not reach a fail-safe majority,,144.99168625553096,145.48133987831858,354.9958083471309,354.14183708922843,,,,,,,0,0,3
pilot01/EMPTY/20260714_151020,EMPTY,150,INCONCLUSIVE,INCONCLUSIVE,temporal vote did not reach a fail-safe majority,,144.9709900442478,145.5049294800885,355.4148278329643,354.5170814132481,,,,,,,0,0,3
pilot01/EMPTY/20260714_151020,EMPTY,155,INCONCLUSIVE,INCONCLUSIVE,temporal vote did not reach a fail-safe majority,,144.96885716261062,145.506547289823,356.45757326167774,353.30204758144527,,,,,,,0,0,3
pilot01/EMPTY/20260714_151020,EMPTY,160,INCONCLUSIVE,INCONCLUSIVE,temporal vote did not reach a fail-safe majority,,144.92742671460178,145.43122234513274,356.46054113570443,354.1612292217094,,,,,,,0,0,3
pilot01/EMPTY/20260714_151020,EMPTY,165,INCONCLUSIVE,INCONCLUSIVE,temporal vote did not reach a fail-safe majority,,144.89050746681417,145.3482784845133,356.8576876161982,353.5868253594631,,,,,,,0,0,3
pilot01/EMPTY/20260714_151020,EMPTY,170,INCONCLUSIVE,INCONCLUSIVE,temporal vote did not reach a fail-safe majority,,144.8679756637168,145.36302544247786,356.25959689163994,353.9369361466246,,,,,,,0,0,3
pilot01/EMPTY/20260714_151020,EMPTY,175,INCONCLUSIVE,INCONCLUSIVE,temporal vote did not reach a fail-safe majority,,144.9298292311947,145.4383849557522,355.059129863186,353.62627752990744,,,,,,,0,0,3
pilot01/EMPTY/20260714_151020,EMPTY,180,INCONCLUSIVE,INCONCLUSIVE,temporal vote did not reach a fail-safe majority,,144.90001037057522,145.37590915376106,355.2628278762204,353.64606144901137,,,,,,,0,0,3
pilot01/EMPTY/20260714_151020,EMPTY,185,INCONCLUSIVE,INCONCLUSIVE,temporal vote did not reach a fail-safe majority,,144.80251313606195,145.28792865044247,356.73189019659,354.23735272548765,,,,,,,0,0,3
pilot01/EMPTY/20260714_151020,EMPTY,190,INCONCLUSIVE,INCONCLUSIVE,temporal vote did not reach a fail-safe majority,,144.7180206028761,145.21716330199115,355.3199916602813,354.1142729247359,,,,,,,0,0,3
pilot01/EMPTY/20260714_151020,EMPTY,195,INCONCLUSIVE,INCONCLUSIVE,temporal vote did not reach a fail-safe majority,,144.7031803097345,145.2246646847345,355.99965143461105,354.1213301134583,,,,,,,0,0,3
pilot01/EMPTY/20260714_151020,EMPTY,200,INCONCLUSIVE,INCONCLUSIVE,temporal vote did not reach a fail-safe majority,,144.86598105641593,145.27160190818583,358.5500576256074,354.2745241958364,,,,,,,0,0,3
pilot01/EMPTY/20260714_151020,EMPTY,205,INCONCLUSIVE,INCONCLUSIVE,temporal vote did not reach a fail-safe majority,,144.90377488938054,145.34410259955752,359.36868282164266,354.0716170911649,,,,,,,0,0,3
pilot01/EMPTY/20260714_151020,EMPTY,210,INCONCLUSIVE,INCONCLUSIVE,temporal vote did not reach a fail-safe majority,,144.88800470132745,145.44056623340708,358.332746885546,353.2018746688332,,,,,,,0,0,3
pilot01/EMPTY/20260714_151020,EMPTY,215,INCONCLUSIVE,INCONCLUSIVE,temporal vote did not reach a fail-safe majority,,144.83567477876107,145.53277793141592,354.63749524441783,352.87207055704215,,,,,,,0,0,3
pilot01/EMPTY/20260714_151020,EMPTY,220,INCONCLUSIVE,INCONCLUSIVE,temporal vote did not reach a fail-safe majority,,144.88292657632743,145.51598105641594,354.5543188585067,353.8737705379907,,,,,,,0,0,3
pilot01/EMPTY/20260714_151020,EMPTY,225,INCONCLUSIVE,INCONCLUSIVE,temporal vote did not reach a fail-safe majority,,144.84743846792034,145.4917450221239,354.4889829126107,353.94696127801393,,,,,,,0,0,3
pilot01/EMPTY/20260714_151020,EMPTY,230,INCONCLUSIVE,INCONCLUSIVE,temporal vote did not reach a fail-safe majority,,144.87682522123893,145.50797151548673,355.1117030801832,354.0608619022422,,,,,,,0,0,3
pilot01/EMPTY/20260714_151020,EMPTY,235,INCONCLUSIVE,INCONCLUSIVE,temporal vote did not reach a fail-safe majority,,144.820015210177,145.53661504424778,353.9618164683774,353.9189437040953,,,,,,,0,0,3
pilot01/EMPTY/20260714_151020,EMPTY,240,INCONCLUSIVE,INCONCLUSIVE,temporal vote did not reach a fail-safe majority,,144.81467782079645,145.48897262168143,353.7667390658784,353.26892021384134,,,,,,,0,0,3
pilot01/EMPTY/20260714_151020,EMPTY,245,INCONCLUSIVE,INCONCLUSIVE,temporal vote did not reach a fail-safe majority,,144.8164097068584,145.45979327986726,354.449085871269,354.2095132858082,,,,,,,0,0,3
pilot01/EMPTY/20260714_151020,EMPTY,250,INCONCLUSIVE,INCONCLUSIVE,temporal vote did not reach a fail-safe majority,,144.85110273783187,145.4916966261062,354.7825497902329,355.0373840608193,,,,,,,0,0,3
pilot01/EMPTY/20260714_151020,EMPTY,255,INCONCLUSIVE,INCONCLUSIVE,temporal vote did not reach a fail-safe majority,,144.85501590154868,145.51984236725664,353.15973970692687,353.9527843445288,,,,,,,0,0,3
pilot01/EMPTY/20260714_151020,EMPTY,260,INCONCLUSIVE,INCONCLUSIVE,temporal vote did not reach a fail-safe majority,,144.85848313053097,145.5190956858407,354.0843996728967,354.8172853837278,,,,,,,0,0,3
pilot01/EMPTY/20260714_151020,EMPTY,265,INCONCLUSIVE,INCONCLUSIVE,temporal vote did not reach a fail-safe majority,,144.8466814159292,145.48341745022122,353.12560849101556,354.9754647596516,,,,,,,0,0,3
pilot01/EMPTY/20260714_151020,EMPTY,270,INCONCLUSIVE,INCONCLUSIVE,temporal vote did not reach a fail-safe majority,,144.80464601769913,145.44274405420353,354.8327615096177,354.54944534724785,,,,,,,0,0,3
pilot01/EMPTY/20260714_151020,EMPTY,275,INCONCLUSIVE,INCONCLUSIVE,temporal vote did not reach a fail-safe majority,,144.76876382743362,145.4165514380531,353.98542940766987,353.8806635973035,,,,,,,0,0,3
pilot01/EMPTY/20260714_151020,EMPTY,280,INCONCLUSIVE,INCONCLUSIVE,temporal vote did not reach a fail-safe majority,,144.76953125,145.39787057522125,355.1398623558401,353.72130504970534,,,,,,,0,0,3
pilot01/EMPTY/20260714_151020,EMPTY,285,INCONCLUSIVE,INCONCLUSIVE,temporal vote did not reach a fail-safe majority,,144.80404106747787,145.41959693030972,354.1352291879916,353.7022315273245,,,,,,,0,0,3
pilot01/EMPTY/20260714_151020,EMPTY,290,INCONCLUSIVE,INCONCLUSIVE,temporal vote did not reach a fail-safe majority,,144.8811946902655,145.49710315265486,355.93935947047464,354.8591388977061,,,,,,,0,0,3
pilot01/EMPTY/20260714_151020,EMPTY,295,INCONCLUSIVE,INCONCLUSIVE,temporal vote did not reach a fail-safe majority,,144.89192823561947,145.51131084070798,354.2985273466634,354.84500397011726,,,,,,,0,0,3
pilot01/EMPTY/20260714_151020,EMPTY,300,INCONCLUSIVE,INCONCLUSIVE,temporal vote did not reach a fail-safe majority,,144.88846446349558,145.52721930309735,354.2824276826368,354.2809607489024,,,,,,,0,0,3
pilot01/EMPTY/20260714_151020,EMPTY,305,INCONCLUSIVE,INCONCLUSIVE,temporal vote did not reach a fail-safe majority,,144.9169939159292,145.565718335177,353.9755624052304,355.13331182823566,,,,,,,0,0,3
pilot01/EMPTY/20260714_151020,EMPTY,310,INCONCLUSIVE,INCONCLUSIVE,temporal vote did not reach a fail-safe majority,,144.9674813329646,145.57792104535397,354.9409000885777,356.19144140191696,,,,,,,0,0,3
pilot01/EMPTY/20260714_151020,EMPTY,315,INCONCLUSIVE,INCONCLUSIVE,temporal vote did not reach a fail-safe majority,,144.9657667311947,145.60871128318584,354.87520556912125,354.9561811848928,,,,,,,0,0,3
pilot01/EMPTY/20260714_151020,EMPTY,320,INCONCLUSIVE,INCONCLUSIVE,temporal vote did not reach a fail-safe majority,,144.97736794800886,145.6069310011062,355.0258697302316,356.4752926985754,,,,,,,0,0,3
pilot01/EMPTY/20260714_151020,EMPTY,325,INCONCLUSIVE,INCONCLUSIVE,temporal vote did not reach a fail-safe majority,,145.00407217920355,145.6267111449115,354.10049540575056,354.82262461294613,,,,,,,0,0,3
pilot01/EMPTY/20260714_151020,EMPTY,330,INCONCLUSIVE,INCONCLUSIVE,temporal vote did not reach a fail-safe majority,,144.98241496128318,145.6225110619469,354.494858404508,354.2321980203668,,,,,,,0,0,3
pilot01/EMPTY/20260714_151020,EMPTY,335,INCONCLUSIVE,INCONCLUSIVE,temporal vote did not reach a fail-safe majority,,144.92111103429204,145.56394150995575,355.48104016391477,355.6125162250078,,,,,,,0,0,3
pilot01/EMPTY/20260714_151020,EMPTY,340,INCONCLUSIVE,INCONCLUSIVE,temporal vote did not reach a fail-safe majority,,144.88118086283185,145.5454611449115,355.71137875438865,355.0035090552483,,,,,,,0,0,3
pilot01/EMPTY/20260714_151020,EMPTY,345,INCONCLUSIVE,INCONCLUSIVE,temporal vote did not reach a fail-safe majority,,144.88416067477877,145.4912645188053,356.0258030423088,354.66279797426375,,,,,,,0,0,3
pilot01/EMPTY/20260714_151020,EMPTY,350,INCONCLUSIVE,INCONCLUSIVE,temporal vote did not reach a fail-safe majority,,144.84637721238937,145.49651894358408,354.37346856859864,352.67921674734515,,,,,,,0,0,3
pilot01/EMPTY/20260714_151020,EMPTY,355,INCONCLUSIVE,INCONCLUSIVE,temporal vote did not reach a fail-safe majority,,144.82070658185842,145.4627419800885,353.9682385768707,353.56296377115837,,,,,,,0,0,3
pilot01/EMPTY/20260714_151020,EMPTY,360,INCONCLUSIVE,INCONCLUSIVE,temporal vote did not reach a fail-safe majority,,144.86658254977877,145.51521363384956,355.4968802747204,353.4608327120198,,,,,,,0,0,3
pilot01/EMPTY/20260714_151020,EMPTY,365,INCONCLUSIVE,INCONCLUSIVE,temporal vote did not reach a fail-safe majority,,144.96782356194691,145.56226147676992,355.77047646364116,353.5877726776317,,,,,,,0,0,3
pilot01/EMPTY/20260714_151020,EMPTY,370,INCONCLUSIVE,INCONCLUSIVE,temporal vote did not reach a fail-safe majority,,144.98360757743362,145.59591399336284,354.9356167138526,355.7772925749086,,,,,,,0,0,3
pilot01/EMPTY/20260714_151020,EMPTY,375,INCONCLUSIVE,INCONCLUSIVE,temporal vote did not reach a fail-safe majority,,144.9901825221239,145.5767076880531,355.7784227429501,355.6389488113741,,,,,,,0,0,3
pilot01/EMPTY/20260714_151020,EMPTY,380,INCONCLUSIVE,INCONCLUSIVE,temporal vote did not reach a fail-safe majority,,144.99021709070797,145.54038993362832,355.8110869219398,354.7690580043633,,,,,,,0,0,3
pilot01/EMPTY/20260714_151020,EMPTY,385,INCONCLUSIVE,INCONCLUSIVE,temporal vote did not reach a fail-safe majority,,145.05691371681417,145.5390590431416,355.9065052795171,353.44258572989736,,,,,,,0,0,3
pilot01/EMPTY/20260714_151020,EMPTY,390,INCONCLUSIVE,INCONCLUSIVE,temporal vote did not reach a fail-safe majority,,144.92134610066373,145.58918003318584,350.18692612984927,354.30223886779504,,,,,,,0,0,3
pilot01/EMPTY/20260714_151020,EMPTY,395,INCONCLUSIVE,INCONCLUSIVE,temporal vote did not reach a fail-safe majority,,144.72843611725665,145.57337527654866,345.974832531223,353.3935922059692,,,,,,,0,0,3
pilot01/EMPTY/20260714_151020,EMPTY,400,INCONCLUSIVE,INCONCLUSIVE,temporal vote did not reach a fail-safe majority,,144.85284153761063,145.5874481471239,349.0894889359404,354.21251440791053,,,,,,,0,0,3
pilot01/EMPTY/20260714_151020,EMPTY,405,INCONCLUSIVE,INCONCLUSIVE,temporal vote did not reach a fail-safe majority,,144.8699287887168,145.61883642146017,351.1370253867126,355.4038598127931,,,,,,,0,0,3
pilot01/EMPTY/20260714_151020,EMPTY,410,INCONCLUSIVE,INCONCLUSIVE,temporal vote did not reach a fail-safe majority,,144.73060011061946,145.6576189159292,348.7927589899996,356.4495398121775,,,,,,,0,0,3
pilot01/EMPTY/20260714_151020,EMPTY,415,INCONCLUSIVE,INCONCLUSIVE,temporal vote did not reach a fail-safe majority,,144.84490113384956,145.6297842920354,350.93797470619756,356.43398113131536,,,,,,,0,0,3
pilot01/EMPTY/20260714_151020,EMPTY,420,INCONCLUSIVE,INCONCLUSIVE,temporal vote did not reach a fail-safe majority,,144.86563882743363,145.6809976493363,350.9612075754758,356.5024211989122,,,,,,,0,0,3
pilot01/EMPTY/20260714_151020,EMPTY,425,INCONCLUSIVE,INCONCLUSIVE,temporal vote did not reach a fail-safe majority,,144.81090293141594,145.7020913993363,347.86707441364763,352.911646674311,,,,,,,0,0,3
pilot01/EMPTY/20260714_151020,EMPTY,430,INCONCLUSIVE,INCONCLUSIVE,temporal vote did not reach a fail-safe majority,,144.79830613938054,145.74282701880531,347.3586235630018,355.7954580226016,,,,,,,0,0,3
pilot01/EMPTY/20260714_151020,EMPTY,435,INCONCLUSIVE,INCONCLUSIVE,temporal vote did not reach a fail-safe majority,,144.9373478982301,145.73341399336283,347.45417112937355,355.15772701912607,,,,,,,0,0,3
pilot01/EMPTY/20260714_151020,EMPTY,440,INCONCLUSIVE,INCONCLUSIVE,temporal vote did not reach a fail-safe majority,,145.02948008849557,145.98306139380531,352.53255286679865,355.3152959595515,,,,,,,0,0,3
pilot01/EMPTY/20260714_151020,EMPTY,445,INCONCLUSIVE,INCONCLUSIVE,temporal vote did not reach a fail-safe majority,,145.01998064159292,146.01954507743363,351.42243884313433,356.07324810693984,,,,,,,0,0,3
pilot01/EMPTY/20260714_151020,EMPTY,450,INCONCLUSIVE,INCONCLUSIVE,temporal vote did not reach a fail-safe majority,,144.88455129977876,146.02916897123893,348.20082906664015,357.1413490569182,,,,,,,0,0,3
pilot01/EMPTY/20260714_151020,EMPTY,455,INCONCLUSIVE,INCONCLUSIVE,temporal vote did not reach a fail-safe majority,,144.79754217367255,145.9762617533186,346.9266304136807,354.8296409016132,,,,,,,0,0,3
pilot01/EMPTY/20260714_151020,EMPTY,460,INCONCLUSIVE,INCONCLUSIVE,temporal vote did not reach a fail-safe majority,,144.77575359513276,145.974312085177,347.10393100970055,356.67098415530404,,,,,,,0,0,3
pilot01/EMPTY/20260714_151020,EMPTY,465,INCONCLUSIVE,INCONCLUSIVE,temporal vote did not reach a fail-safe majority,,144.89584485619469,145.96541413163717,349.50941664471156,356.7905682301706,,,,,,,0,0,3
pilot01/EMPTY/20260714_151020,EMPTY,470,INCONCLUSIVE,INCONCLUSIVE,temporal vote did not reach a fail-safe majority,,144.94415790929204,145.92576742256637,353.9388838438981,356.43107365709415,,,,,,,0,0,3
pilot01/EMPTY/20260714_151020,EMPTY,475,INCONCLUSIVE,INCONCLUSIVE,temporal vote did not reach a fail-safe majority,,144.96330890486726,145.90724903207965,353.4862350240285,356.14505379868535,,,,,,,0,0,3
pilot01/EMPTY/20260714_151020,EMPTY,480,INCONCLUSIVE,INCONCLUSIVE,temporal vote did not reach a fail-safe majority,,144.91665514380531,145.90735273783187,352.9812719626064,355.6492084452805,,,,,,,0,0,3
pilot01/EMPTY/20260714_151020,EMPTY,485,INCONCLUSIVE,INCONCLUSIVE,temporal vote did not reach a fail-safe majority,,144.9348140210177,145.9657771017699,352.950975287198,355.3271985005723,,,,,,,0,0,3
pilot01/EMPTY/20260714_151020,EMPTY,490,INCONCLUSIVE,INCONCLUSIVE,temporal vote did not reach a fail-safe majority,,144.9954611449115,146.0649439988938,350.5459176218094,355.39263924666136,,,,,,,0,0,3
pilot01/EMPTY/20260714_151020,EMPTY,495,INCONCLUSIVE,INCONCLUSIVE,temporal vote did not reach a fail-safe majority,,145.0769047289823,146.06717021570796,353.14880276450776,356.3236594516164,,,,,,,0,0,3
pilot01/EMPTY/20260714_151020,EMPTY,500,INCONCLUSIVE,INCONCLUSIVE,temporal vote did not reach a fail-safe majority,,145.05675470132743,146.07209623893806,351.57416163875087,354.8088323970785,,,,,,,0,0,3
pilot01/EMPTY/20260714_151020,EMPTY,505,INCONCLUSIVE,INCONCLUSIVE,temporal vote did not reach a fail-safe majority,,144.97755116150444,146.04460384402654,352.6528975501887,355.7503581151874,,,,,,,0,0,3
pilot01/EMPTY/20260714_151020,EMPTY,510,INCONCLUSIVE,INCONCLUSIVE,temporal vote did not reach a fail-safe majority,,145.00051507190267,146.01944482853983,354.25629684061073,356.1477548801046,,,,,,,0,0,3
pilot01/EMPTY/20260714_151020,EMPTY,515,INCONCLUSIVE,INCONCLUSIVE,temporal vote did not reach a fail-safe majority,,144.95882535951327,146.0092298119469,352.6086318549808,356.2387303222446,,,,,,,0,0,3
pilot01/EMPTY/20260714_151020,EMPTY,520,INCONCLUSIVE,INCONCLUSIVE,temporal vote did not reach a fail-safe majority,,144.97125967920354,146.01570450774335,352.040621489176,355.5052262634282,,,,,,,0,0,3
pilot01/EMPTY/20260714_151020,EMPTY,525,INCONCLUSIVE,INCONCLUSIVE,temporal vote did not reach a fail-safe majority,,144.9925746681416,146.03670146570798,351.5001271504293,356.11384755528553,,,,,,,0,0,3
pilot01/EMPTY/20260714_151020,EMPTY,530,INCONCLUSIVE,INCONCLUSIVE,temporal vote did not reach a fail-safe majority,,145.01139034845133,146.0563537057522,352.08485562376137,355.52349872114405,,,,,,,0,0,3
pilot01/EMPTY/20260714_151020,EMPTY,535,INCONCLUSIVE,INCONCLUSIVE,temporal vote did not reach a fail-safe majority,,145.03361449115044,146.07586767146017,350.68239847542173,356.19585033191197,,,,,,,0,0,3
pilot01/EMPTY/20260714_151020,EMPTY,540,INCONCLUSIVE,INCONCLUSIVE,temporal vote did not reach a fail-safe majority,,145.02431899889382,146.05612555309733,352.49928374194945,356.6613367348335,,,,,,,0,0,3
pilot01/EMPTY/20260714_151020,EMPTY,545,INCONCLUSIVE,INCONCLUSIVE,temporal vote did not reach a fail-safe majority,,144.99178304756637,146.0215396847345,352.22678185559073,355.54742266880595,,,,,,,0,0,3
pilot01/EMPTY/20260714_151020,EMPTY,550,INCONCLUSIVE,INCONCLUSIVE,temporal vote did not reach a fail-safe majority,,144.97359651548672,146.04811255530973,352.49330694011746,356.55881206025197,,,,,,,0,0,3
pilot01/EMPTY/20260714_151020,EMPTY,555,INCONCLUSIVE,INCONCLUSIVE,temporal vote did not reach a fail-safe majority,,145.03249792588497,146.05398230088497,352.48215563758356,356.0004628996782,,,,,,,0,0,3
pilot01/EMPTY/20260714_151020,EMPTY,560,INCONCLUSIVE,INCONCLUSIVE,temporal vote did not reach a fail-safe majority,,145.0379874170354,146.05719717920354,353.5993557057877,354.62326415059636,,,,,,,0,0,3
pilot01/EMPTY/20260714_151020,EMPTY,565,INCONCLUSIVE,INCONCLUSIVE,temporal vote did not reach a fail-safe majority,,144.97740943030973,146.05660951327434,352.8476824668677,356.0755463755432,,,,,,,0,0,3
pilot01/EMPTY/20260714_151020,EMPTY,570,INCONCLUSIVE,INCONCLUSIVE,temporal vote did not reach a fail-safe majority,,144.9118224557522,146.08526341261063,350.8280697850996,356.55696960702556,,,,,,,0,0,3
pilot01/EMPTY/20260714_151020,EMPTY,575,INCONCLUSIVE,INCONCLUSIVE,temporal vote did not reach a fail-safe majority,,144.9137755807522,146.08185149336282,349.1559054097114,356.5757993121688,,,,,,,0,0,3
pilot01/EMPTY/20260714_151020,EMPTY,580,INCONCLUSIVE,INCONCLUSIVE,temporal vote did not reach a fail-safe majority,,144.93278138827435,146.11104811946902,349.2402411002793,356.1464791980774,,,,,,,0,0,3
pilot01/EMPTY/20260714_151020,EMPTY,585,INCONCLUSIVE,INCONCLUSIVE,temporal vote did not reach a fail-safe majority,,144.95815818584072,146.12674225663716,350.62759142031786,356.00967455741846,,,,,,,0,0,3
pilot01/EMPTY/20260714_151020,EMPTY,590,INCONCLUSIVE,INCONCLUSIVE,temporal vote did not reach a fail-safe majority,,145.0343784568584,146.15890486725664,351.3322473569947,357.08772189163994,,,,,,,0,0,3
pilot01/EMPTY/20260714_151020,EMPTY,595,INCONCLUSIVE,INCONCLUSIVE,temporal vote did not reach a fail-safe majority,,145.0095685840708,146.11310149336282,351.52705213450105,356.0952660226415,,,,,,,0,0,3
pilot01/EMPTY/20260714_151020,EMPTY,600,INCONCLUSIVE,INCONCLUSIVE,temporal vote did not reach a fail-safe majority,,144.96887790376107,146.0823216261062,351.0169439645045,355.8311302104875,,,,,,,0,0,3
pilot01/EMPTY/20260714_151020,EMPTY,605,INCONCLUSIVE,INCONCLUSIVE,temporal vote did not reach a fail-safe majority,,145.00465984513275,146.07263205199115,353.85401617346076,355.2818383809975,,,,,,,0,0,3
pilot01/EMPTY/20260714_151020,EMPTY,610,INCONCLUSIVE,INCONCLUSIVE,temporal vote did not reach a fail-safe majority,,145.0664615597345,146.1015071902655,351.62358847225624,354.63907861793695,,,,,,,0,0,3
pilot01/EMPTY/20260714_151020,EMPTY,615,INCONCLUSIVE,INCONCLUSIVE,temporal vote did not reach a fail-safe majority,,145.11430793694691,146.12223451327435,352.6569871733345,356.6365641657044,,,,,,,0,0,3
pilot01/EMPTY/20260714_151020,EMPTY,620,INCONCLUSIVE,INCONCLUSIVE,temporal vote did not reach a fail-safe majority,,145.09503249446902,146.13723036504425,353.52399986613034,356.4417591129805,,,,,,,0,0,3
pilot01/EMPTY/20260714_151020,EMPTY,625,INCONCLUSIVE,INCONCLUSIVE,temporal vote did not reach a fail-safe majority,,145.11090984513274,146.15467021570797,352.90437557912657,356.362150593627,,,,,,,0,0,3
pilot01/EMPTY/20260714_151020,EMPTY,630,INCONCLUSIVE,INCONCLUSIVE,temporal vote did not reach a fail-safe majority,,145.08537748893806,146.12386269358407,352.37463177149425,356.34258115051585,,,,,,,0,0,3
pilot01/EMPTY/20260714_151020,EMPTY,635,INCONCLUSIVE,INCONCLUSIVE,temporal vote did not reach a fail-safe majority,,145.06564919800886,146.14811946902654,353.6043090273486,357.4348590802015,,,,,,,0,0,3
pilot01/EMPTY/20260714_151020,EMPTY,640,INCONCLUSIVE,INCONCLUSIVE,temporal vote did not reach a fail-safe majority,,145.10920215707964,146.14327641039824,354.1117503373783,356.61061911244246,,,,,,,0,0,3
pilot01/EMPTY/20260714_151020,EMPTY,645,INCONCLUSIVE,INCONCLUSIVE,temporal vote did not reach a fail-safe majority,,145.08137790376105,145.86644773230088,353.67941479588745,355.2356754976652,,,,,,,0,0,3
pilot01/EMPTY/20260714_151020,EMPTY,650,INCONCLUSIVE,INCONCLUSIVE,temporal vote did not reach a fail-safe majority,,145.0622649336283,145.85520257190265,353.5946269598074,356.7407438887313,,,,,,,0,0,3
pilot01/EMPTY/20260714_151020,EMPTY,655,INCONCLUSIVE,INCONCLUSIVE,temporal vote did not reach a fail-safe majority,,145.09538855088496,145.8599972345133,355.08726119838576,356.0312862443263,,,,,,,0,0,3
pilot01/EMPTY/20260714_151020,EMPTY,660,INCONCLUSIVE,INCONCLUSIVE,temporal vote did not reach a fail-safe majority,,145.16721861172567,145.86306692477876,356.6599746509797,355.5359409028928,,,,,,,0,0,3
pilot01/EMPTY/20260714_151020,EMPTY,665,INCONCLUSIVE,INCONCLUSIVE,temporal vote did not reach a fail-safe majority,,145.2669420630531,145.92004632190265,356.637543786188,354.9374727982599,,,,,,,0,0,3
pilot01/EMPTY/20260714_151020,EMPTY,670,INCONCLUSIVE,INCONCLUSIVE,temporal vote did not reach a fail-safe majority,,145.3122995022124,145.86042588495576,356.76749448345004,356.03647760922263,,,,,,,0,0,3
pilot01/EMPTY/20260714_151020,EMPTY,675,INCONCLUSIVE,INCONCLUSIVE,temporal vote did not reach a fail-safe majority,,145.3376935840708,145.86439435840708,359.00629822465663,356.4697878511847,,,,,,,0,0,3
pilot01/EMPTY/20260714_151020,EMPTY,680,INCONCLUSIVE,INCONCLUSIVE,temporal vote did not reach a fail-safe majority,,145.34422013274337,145.8939332134956,359.0164712914099,357.02777846427256,,,,,,,0,0,3
pilot01/EMPTY/20260714_151020,EMPTY,685,INCONCLUSIVE,INCONCLUSIVE,temporal vote did not reach a fail-safe majority,,145.28671529314158,145.9106021847345,357.17690294888183,356.07457568400235,,,,,,,0,0,3
pilot01/EMPTY/20260714_151020,EMPTY,690,INCONCLUSIVE,INCONCLUSIVE,temporal vote did not reach a fail-safe majority,,145.2460833794248,145.92348935287612,356.38149762405993,356.2965846367877,,,,,,,0,0,3
pilot01/EMPTY/20260714_151020,EMPTY,695,INCONCLUSIVE,INCONCLUSIVE,temporal vote did not reach a fail-safe majority,,145.20319413716814,145.99187292588496,353.6454808267777,357.2239580478111,,,,,,,0,0,3
pilot01/EMPTY/20260714_151020,EMPTY,700,INCONCLUSIVE,INCONCLUSIVE,temporal vote did not reach a fail-safe majority,,145.3181623340708,146.00852806969027,354.5708740604821,356.14432910111077,,,,,,,0,0,3
pilot01/EMPTY/20260714_151020,EMPTY,705,INCONCLUSIVE,INCONCLUSIVE,temporal vote did not reach a fail-safe majority,,145.33244952986726,146.03933213495574,354.05499758133436,355.9334423326709,,,,,,,0,0,3
pilot01/EMPTY/20260714_151020,EMPTY,710,INCONCLUSIVE,INCONCLUSIVE,temporal vote did not reach a fail-safe majority,,145.29119192477876,146.01198838495574,354.6830907244148,356.6012131239916,,,,,,,0,0,3
pilot01/EMPTY/20260714_151020,EMPTY,715,INCONCLUSIVE,INCONCLUSIVE,temporal vote did not reach a fail-safe majority,,145.27150857300884,145.98327226216813,355.56459060766934,355.4440481456249,,,,,,,0,0,3
pilot01/EMPTY/20260714_151020,EMPTY,720,INCONCLUSIVE,INCONCLUSIVE,temporal vote did not reach a fail-safe majority,,145.26164615597344,145.98869261615044,353.54143186716345,356.94330881227967,,,,,,,0,0,3
pilot01/EMPTY/20260714_151020,EMPTY,725,INCONCLUSIVE,INCONCLUSIVE,temporal vote did not reach a fail-safe majority,,145.28727530420355,146.01596377212388,354.8387363553516,356.51613533612135,,,,,,,0,0,3
pilot01/EMPTY/20260714_151020,EMPTY,730,INCONCLUSIVE,INCONCLUSIVE,temporal vote did not reach a fail-safe majority,,145.27525235066372,146.0371197455752,354.80662040218715,355.77700498934803,,,,,,,0,0,3
pilot01/EMPTY/20260714_151020,EMPTY,735,INCONCLUSIVE,INCONCLUSIVE,temporal vote did not reach a fail-safe majority,,145.34011684181417,146.05952018805309,354.699980821785,355.846728450319,,,,,,,0,0,3
pilot01/EMPTY/20260714_151020,EMPTY,740,INCONCLUSIVE,INCONCLUSIVE,temporal vote did not reach a fail-safe majority,,145.32492049225664,146.0766489214602,353.71739701791995,356.4182249628139,,,,,,,0,0,3
pilot01/LIVE_USER/20260714_145809,LIVE_USER,0,LIVE,,homography fails while epipolar geometry remains consistent,478,148.4867256637168,138.45595962389382,317.296838383256,207.2103452854603,121.7421351419351,0.5564853556485355,2.801897754932742,8.8995567699504,0.893305439330544,0.6950835332133858,,,
pilot01/LIVE_USER/20260714_145809,LIVE_USER,5,LIVE,,homography fails while epipolar geometry remains consistent,478,149.49813329646017,138.23859582411504,298.39091737497296,187.8159991819788,116.732646585548,0.4707112970711297,2.8923605927068867,8.463215894053205,0.9372384937238494,0.6194699822972988,,,
pilot01/LIVE_USER/20260714_145809,LIVE_USER,10,LIVE,LIVE,3/3 samples voted LIVE,478,147.6943826050885,135.76925815818583,307.35815337853944,211.90283783123894,89.24427206689555,0.4435146443514644,4.474503060604971,13.55501639143705,0.8138075313807531,0.7968260257776197,3,0,0
pilot01/LIVE_USER/20260714_145809,LIVE_USER,15,LIVE,LIVE,3/3 samples voted LIVE,478,148.97960107853982,137.37245229535398,302.34047250431456,200.0052477744849,101.50872275367365,0.6527196652719666,2.0161916113807092,5.952907440829621,0.9602510460251046,0.5126963656749256,3,0,0
pilot01/LIVE_USER/20260714_145809,LIVE_USER,20,LIVE,LIVE,3/3 samples voted LIVE,478,150.1787126659292,138.89969233960176,315.2866799328906,210.45161243983338,118.15395337482681,0.6778242677824268,1.8017512805453026,4.806444112325238,0.9811715481171548,0.4126122625590754,3,0,0
pilot01/LIVE_USER/20260714_145809,LIVE_USER,25,LIVE,LIVE,3/3 samples voted LIVE,478,150.65574875553096,139.22772400442477,338.2013588265941,216.44352102460854,118.38394607965006,0.6129707112970711,2.191022689089026,6.602870598784135,0.9246861924686193,0.47812341640410727,3,0,0
pilot01/LIVE_USER/20260714_145809,LIVE_USER,30,LIVE,LIVE,3/3 samples voted LIVE,478,150.70482231747786,139.50338772123894,318.35807830927655,212.10408644519737,117.53640659349898,0.5606694560669456,2.734496050953222,8.841086823349205,0.9497907949790795,0.394769424855712,3,0,0
pilot01/LIVE_USER/20260714_145809,LIVE_USER,35,LIVE,LIVE,3/3 samples voted LIVE,478,151.56237900995575,139.70075359513274,329.49449663246924,213.06937061524616,117.85592832653234,0.5167364016736402,2.768833913930606,8.15351240165431,0.9372384937238494,0.4559894329167911,3,0,0
pilot01/LIVE_USER/20260714_145809,LIVE_USER,40,LIVE,LIVE,3/3 samples voted LIVE,478,151.99021017699116,140.39900442477875,320.57602634259945,208.9248661597347,114.51082884081254,0.600418410041841,2.4157853410114107,7.682835948885463,0.9414225941422594,0.525739030647374,3,0,0
pilot01/LIVE_USER/20260714_145809,LIVE_USER,45,LIVE,LIVE,3/3 samples voted LIVE,478,151.6474073561947,140.13410882190266,338.4046313793951,215.91786624477956,114.00135234212607,0.5460251046025104,2.382885690672454,6.514924068898284,0.997907949790795,0.31397865642888617,3,0,0
pilot01/LIVE_USER/20260714_145809,LIVE_USER,50,INCONCLUSIVE,INCONCLUSIVE,temporal vote did not reach a fail-safe majority,478,151.27566371681417,140.20631913716815,320.07740739400407,210.03122773113037,115.74697486230234,0.8200836820083682,1.343750678705626,4.698892753962618,0.9163179916317992,0.5183978498101702,2,0,1
pilot01/LIVE_USER/20260714_145809,LIVE_USER,55,LIVE,INCONCLUSIVE,temporal vote did not reach a fail-safe majority,478,150.86061601216815,139.66190542035397,322.12164030359634,203.10784328472943,116.38657169727398,0.5648535564853556,2.4433740197115856,7.209008819640607,0.9581589958158996,0.3667786275552985,2,0,1
pilot01/LIVE_USER/20260714_145809,LIVE_USER,60,LIVE,INCONCLUSIVE,temporal vote did not reach a fail-safe majority,478,152.4277896847345,140.8935080199115,331.04836816531247,212.02956143383022,115.06516621862625,0.5941422594142259,2.279775235529273,6.531185211506603,0.99581589958159,0.3003740143950842,2,0,1
pilot01/LIVE_USER/20260714_145809,LIVE_USER,65,LIVE,LIVE,3/3 samples voted LIVE,478,147.3657114214602,141.55350179756638,337.0228613480096,216.9341977499198,115.80993507685514,0.700836820083682,1.878160485393881,5.47437638442258,0.9309623430962343,0.5001665739268304,3,0,0
pilot01/LIVE_USER/20260714_145809,LIVE_USER,70,LIVE,LIVE,3/3 samples voted LIVE,478,144.21079922566372,141.01344717920355,330.90219947920696,215.0843642742627,116.62735342786529,0.6652719665271967,2.0537262565834697,6.134263919657065,0.9539748953974896,0.49007868335973775,3,0,0
pilot01/LIVE_USER/20260714_145809,LIVE_USER,75,LIVE,LIVE,3/3 samples voted LIVE,478,143.43448907632742,140.20353290929202,332.3140065470757,213.56772124944197,115.90043003213529,0.5627615062761506,2.6913420561433306,8.519104136450224,0.9644351464435147,0.3608028751000324,3,0,0
pilot01/LIVE_USER/20260714_145809,LIVE_USER,80,LIVE,LIVE,3/3 samples voted LIVE,478,142.1262237278761,139.14752834623894,322.20169266735326,215.05670322031932,116.90257422870147,0.6443514644351465,1.9928993910868351,6.215784199499417,0.9518828451882845,0.4083003800529851,3,0,0
pilot01/LIVE_USER/20260714_145809,LIVE_USER,85,LIVE,LIVE,3/3 samples voted LIVE,478,141.90091952433627,139.15986241703538,331.5681773153719,215.27219700789018,117.28656392835481,0.6359832635983264,2.101784726561661,6.167016182015215,0.9811715481171548,0.3633756888261923,3,0,0
pilot01/LIVE_USER/20260714_145809,LIVE_USER,90,LIVE,LIVE,3/3 samples voted LIVE,478,143.75853152654867,139.94569275442478,320.40876436278785,208.51698230513674,115.97357668204799,0.5690376569037657,3.029335297627411,10.302057357330686,0.997907949790795,0.24282582665345723,3,0,0
pilot01/LIVE_USER/20260714_145809,LIVE_USER,95,LIVE,LIVE,3/3 samples voted LIVE,478,143.8206996681416,139.76437707411503,329.78172598526396,211.09248595650078,116.65979374672179,0.604602510460251,2.164820022627327,6.30157610895751,1.0,0.22507099838898742,3,0,0
pilot01/LIVE_USER/20260714_145809,LIVE_USER,100,LIVE,LIVE,3/3 samples voted LIVE,478,142.34654659845134,139.23311324668143,327.46215340386595,213.2646191313399,115.71817992624365,0.6589958158995816,1.9440554521813567,6.073192187428153,0.9393305439330544,0.49252860752218686,3,0,0
pilot01/LIVE_USER/20260714_145809,LIVE_USER,105,LIVE,LIVE,3/3 samples voted LIVE,478,141.83049986172566,139.06302889933627,338.1250410138182,215.90660890139318,117.25400362815678,0.6422594142259415,2.0730272589160856,6.5899981591231676,0.9309623430962343,0.4905218817151666,3,0,0
pilot01/LIVE_USER/20260714_145809,LIVE_USER,110,LIVE,LIVE,3/3 samples voted LIVE,478,142.1033151272124,139.04283047566372,336.87131687117403,213.94310811529965,116.30569181621212,0.5711297071129707,2.8099400900416205,9.327235755066928,0.9665271966527197,0.3582560581829956,3,0,0
pilot01/LIVE_USER/20260714_145809,LIVE_USER,115,LIVE,LIVE,3/3 samples voted LIVE,478,141.95558282632743,138.72794870022125,338.6479500647888,215.64476661291963,117.67302266874461,0.5836820083682008,2.2181119384981987,5.830126798056421,0.8598326359832636,0.7025719057267463,3,0,0
pilot01/LIVE_USER/20260714_145809,LIVE_USER,120,LIVE,LIVE,3/3 samples voted LIVE,478,141.95623962942477,139.00465984513275,330.9782722060396,212.09018729412523,116.8685598943786,0.5899581589958159,2.285424926228984,6.598080828884596,0.9539748953974896,0.41368701707836847,3,0,0
pilot01/LIVE_USER/20260714_145809,LIVE_USER,125,LIVE,LIVE,3/3 samples voted LIVE,478,141.9597172289823,139.18858199668142,332.1564912802563,214.0954802272288,117.32871683100332,0.6548117154811716,2.0570419301493907,6.360760723374257,0.8870292887029289,0.635421590350053,3,0,0
pilot01/LIVE_USER/20260714_145809,LIVE_USER,130,LIVE,LIVE,3/3 samples voted LIVE,478,141.54041067477877,138.323641454646,329.17358055997244,211.90979068625552,115.22066434054929,0.5209205020920502,3.8837362920912666,14.190241904912195,0.9058577405857741,0.5011476173562831,3,0,0
pilot01/LIVE_USER/20260714_145809,LIVE_USER,135,LIVE,LIVE,3/3 samples voted LIVE,478,142.35016247234512,139.13157148783185,332.5072774589563,212.43510778628627,115.80214064614522,0.6380753138075314,2.116633256700309,7.208092247384366,0.9769874476987448,0.3094203267440092,3,0,0
pilot01/LIVE_USER/20260714_145809,LIVE_USER,140,INCONCLUSIVE,INCONCLUSIVE,temporal vote did not reach a fail-safe majority,478,142.78698492809735,139.8649923949115,332.40519392353076,214.53359711202424,117.34974939537389,0.7761506276150628,1.5636366211301815,5.552213431315976,0.9351464435146444,0.3968120028494026,2,0,1
pilot01/LIVE_USER/20260714_145809,LIVE_USER,145,LIVE,INCONCLUSIVE,temporal vote did not reach a fail-safe majority,478,143.36505116150443,140.18088011615043,334.45831433216364,213.97765199851108,116.44580757796041,0.5564853556485355,2.8708516331923786,9.058680370976832,1.0,0.28641159333125593,2,0,1
pilot01/LIVE_USER/20260714_145809,LIVE_USER,150,LIVE,INCONCLUSIVE,temporal vote did not reach a fail-safe majority,478,142.73568169247787,139.51872580199114,330.601189664425,213.9401107043609,117.95421164993543,0.5460251046025104,2.8212198884119672,9.330751666234676,0.9079497907949791,0.5085240035193377,2,0,1
pilot01/LIVE_USER/20260714_145809,LIVE_USER,155,LIVE,LIVE,3/3 samples voted LIVE,478,142.11062292588497,138.89713426438053,335.7961988112977,211.1783409463884,117.46482932721428,0.6234309623430963,2.176757067571549,6.76367983023662,0.9769874476987448,0.22669726030587808,3,0,0
pilot01/LIVE_USER/20260714_145809,LIVE_USER,160,LIVE,LIVE,3/3 samples voted LIVE,478,141.89688882743363,138.49919455199114,334.0291857335487,214.83383085143456,116.39457582274902,0.6359832635983264,2.0425984071747854,6.356349821723511,0.9497907949790795,0.5125238559142941,3,0,0
pilot01/LIVE_USER/20260714_145809,LIVE_USER,165,LIVE,LIVE,3/3 samples voted LIVE,478,142.54432729535398,139.19274751106195,328.42138550501363,214.46959077936506,116.8101953748666,0.6757322175732218,1.9620079693488155,6.213243138586797,0.9393305439330544,0.5763775894103662,3,0,0
pilot01/LIVE_USER/20260714_145809,LIVE_USER,170,LIVE,LIVE,3/3 samples voted LIVE,478,143.28956374446904,139.89431001106195,338.59682396425603,216.58314469767583,116.52729656030424,0.5460251046025104,2.86353832570023,9.049165168022906,0.9184100418410042,0.5004800556241122,3,0,0
pilot01/LIVE_USER/20260714_145809,LIVE_USER,175,LIVE,LIVE,3/3 samples voted LIVE,478,143.7251935840708,140.15747718473452,335.78845918906194,214.9987143120955,115.84989185801403,0.5439330543933054,2.9634016352212127,9.529044841365032,1.0,0.24686187695923031,3,0,0
pilot01/LIVE_USER/20260714_145809,LIVE_USER,180,LIVE,LIVE,3/3 samples voted LIVE,478,143.09338357300885,139.52888896570798,336.7559809877639,215.77151330993732,116.18523535494896,0.608786610878661,2.1818538387933595,5.733060717190217,0.99581589958159,0.4083166016147043,3,0,0
pilot01/LIVE_USER/20260714_145809,LIVE_USER,185,LIVE,LIVE,3/3 samples voted LIVE,478,141.87484098451327,138.49110550331858,333.08406783284465,215.44332147047828,118.22682321575317,0.6757322175732218,1.9067568114932292,6.319925886568457,0.9581589958158996,0.3729530925255217,3,0,0
pilot01/LIVE_USER/20260714_145809,LIVE_USER,190,LIVE,LIVE,3/3 samples voted LIVE,478,141.76429756637168,138.68591330199115,331.9200107274342,212.1114897053949,118.80090943306529,0.6359832635983264,1.9888399422566916,5.719546837277562,0.9142259414225942,0.5178127092686083,3,0,0
pilot01/LIVE_USER/20260714_145809,LIVE_USER,195,LIVE,LIVE,3/3 samples voted LIVE,478,142.87257674225663,139.61509610066372,331.03019196711,213.67899592420284,117.64447280157977,0.5753138075313807,2.404410199412057,6.860736690541761,0.9916317991631799,0.287568820966129,3,0,0
pilot01/LIVE_USER/20260714_145809,LIVE_USER,200,LIVE,LIVE,3/3 samples voted LIVE,478,143.3706512721239,139.828515625,334.70394077794253,216.92003834278324,115.87702916465994,0.5543933054393305,2.895791651815304,9.143902092614777,0.9602510460251046,0.44322416899445477,3,0,0
pilot01/LIVE_USER/20260714_145809,LIVE_USER,205,LIVE,LIVE,3/3 samples voted LIVE,478,142.9226597068584,139.3257397676991,336.64614722346965,216.92689484209004,114.27246536237763,0.5334728033472803,2.711537291954071,8.150626553710433,0.9058577405857741,0.5406789644000489,3,0,0
pilot01/LIVE_USER/20260714_145809,LIVE_USER,210,LIVE,LIVE,3/3 samples voted LIVE,478,142.59210107853983,139.12494123340707,332.2393028967785,212.66220886479024,117.13981704357033,0.5983263598326359,2.5343648995664294,8.583583078194994,0.9707112970711297,0.3488209160071631,3,0,0
pilot01/LIVE_USER/20260714_145809,LIVE_USER,215,LIVE,LIVE,3/3 samples voted LIVE,478,142.86159775995574,139.67493431969027,333.0238058265305,212.8270995931232,116.26663313704097,0.5481171548117155,2.675473263783459,8.089241836089304,0.9393305439330544,0.6118592322097939,3,0,0
pilot01/LIVE_USER/20260714_145809,LIVE_USER,220,LIVE,LIVE,3/3 samples voted LIVE,478,143.50095063606196,139.92416689712388,335.1210919137352,213.97470754170064,115.85390304082084,0.5313807531380753,2.3958235462259827,6.665310260019143,1.0,0.203850617211126,3,0,0
pilot01/LIVE_USER/20260714_145809,LIVE_USER,225,LIVE,LIVE,3/3 samples voted LIVE,478,142.9470754977876,139.37454023783187,332.5456872985801,216.63268297177362,116.64724523997094,0.6485355648535565,2.0089840517642186,6.08652708200326,1.0,0.32106531709016256,3,0,0
pilot01/LIVE_USER/20260714_145809,LIVE_USER,230,LIVE,LIVE,3/3 samples voted LIVE,478,142.49547497234514,139.03291966261062,332.2713440623864,212.57002017324484,118.34473131281715,0.6297071129707112,2.019160811735046,6.001690675397765,0.9581589958158996,0.3593387436988559,3,0,0
pilot01/LIVE_USER/20260714_145809,LIVE_USER,235,LIVE,LIVE,3/3 samples voted LIVE,478,142.69709278207964,139.3549917035398,332.00066629985025,213.99948126043128,117.29197303646815,0.602510460251046,2.3096048624912062,7.036274023811795,1.0,0.4354440852206396,3,0,0
pilot01/LIVE_USER/20260714_145809,LIVE_USER,240,LIVE,LIVE,3/3 samples voted LIVE,478,143.350594579646,139.7683075221239,334.68720536542617,215.0282578412562,117.0339684470703,0.5962343096234309,2.275236749546777,6.916640877365254,0.9748953974895398,0.30019584387165,3,0,0
pilot01/LIVE_USER/20260714_145809,LIVE_USER,245,LIVE,LIVE,3/3 samples voted LIVE,478,142.94680240597344,139.24601424225665,331.71930133526513,214.80001785936759,116.37140445328856,0.6255230125523012,2.1445054067974447,6.1503514840615034,0.9707112970711297,0.44693632386287824,3,0,0
pilot01/LIVE_USER/20260714_145809,LIVE_USER,250,LIVE,LIVE,3/3 samples voted LIVE,478,142.40617394911504,138.82367256637167,333.1721737280974,213.7338938465607,118.62537030260877,0.5711297071129707,2.7272736407251554,8.43700506112372,0.9414225941422594,0.4276738481290924,3,0,0
pilot01/LIVE_USER/20260714_145809,LIVE_USER,255,LIVE,LIVE,3/3 samples voted LIVE,478,142.17536642699116,138.77662472345133,336.72802981917755,215.40304912404918,117.73115484115277,0.602510460251046,2.0987886381610195,6.05207657077693,0.9246861924686193,0.45463259416342655,3,0,0
pilot01/LIVE_USER/20260714_145809,LIVE_USER,260,LIVE,LIVE,3/3 samples voted LIVE,478,142.3792415652655,138.87747511061946,336.07757405027354,217.84336388555016,117.53952634990645,0.5606694560669456,2.3873864489571908,6.988420950959198,0.9769874476987448,0.2906266611547613,3,0,0
pilot01/LIVE_USER/20260714_145809,LIVE_USER,265,LIVE,LIVE,3/3 samples voted LIVE,478,142.2967263550885,138.83863730641593,337.0352579665291,216.6641068190925,117.49109789930874,0.5920502092050209,2.2232906089657227,6.390223112881152,0.9769874476987448,0.4071330352750346,3,0,0
pilot01/LIVE_USER/20260714_145809,LIVE_USER,270,LIVE,LIVE,3/3 samples voted LIVE,478,142.4018528761062,138.93190334623893,336.3542718058456,218.4460672200935,117.82127355827888,0.5815899581589958,2.641064941016868,8.77610088941684,1.0,0.19343352881934797,3,0,0
pilot01/LIVE_USER/20260714_145809,LIVE_USER,275,LIVE,LIVE,3/3 samples voted LIVE,478,142.4469303097345,138.91096861172565,334.68243419645125,217.02913549361824,116.8598184197502,0.5962343096234309,2.1709168110170056,6.213337994807013,0.9539748953974896,0.35183765120915667,3,0,0
pilot01/LIVE_USER/20260714_145809,LIVE_USER,280,LIVE,LIVE,3/3 samples voted LIVE,478,142.44510854535397,139.00421045353983,337.9318399669842,216.10346374530837,117.64210658415385,0.6255230125523012,2.089546701275945,6.103969598068735,1.0,0.29375932791978143,3,0,0
pilot01/LIVE_USER/20260714_145809,LIVE_USER,285,LIVE,LIVE,3/3 samples voted LIVE,478,142.51638205199114,139.12830129977877,335.17062150929956,215.52211153495097,116.92571879012664,0.5732217573221757,2.707426222955652,8.736847564739596,0.9790794979079498,0.4524981091521465,3,0,0
pilot01/LIVE_USER/20260714_145809,LIVE_USER,290,LIVE,LIVE,3/3 samples voted LIVE,478,142.60711075774336,139.25641247234512,335.0579552682044,215.33814594007993,117.3888665142333,0.608786610878661,2.467759413497582,8.328555570925461,0.9644351464435147,0.4002449305531965,3,0,0
pilot01/LIVE_USER/20260714_145809,LIVE_USER,295,LIVE,LIVE,3/3 samples voted LIVE,478,142.73464117809735,139.34779452433628,335.7460505782743,217.08188825455684,117.55920119567814,0.606694560669456,2.413978654452335,8.17592420891009,0.9163179916317992,0.5409125141755713,3,0,0
pilot01/LIVE_USER/20260714_145809,LIVE_USER,300,LIVE,LIVE,3/3 samples voted LIVE,478,142.72952848451328,139.33849211836284,334.66617065663905,217.8873665380676,117.75801450918131,0.6213389121338913,2.073629558749503,6.070994856783391,0.9476987447698745,0.41590730156034483,3,0,0
pilot01/LIVE_USER/20260714_145809,LIVE_USER,305,LIVE,LIVE,3/3 samples voted LIVE,478,142.70897746128318,139.2035605641593,335.2947653389201,214.7120177338246,116.71041218477004,0.5627615062761506,2.365648735904816,6.306894479016169,0.9895397489539749,0.3674777258039495,3,0,0
pilot01/LIVE_USER/20260714_145809,LIVE_USER,310,LIVE,LIVE,3/3 samples voted LIVE,478,142.52123202433629,139.10689988938054,336.0142165356293,214.8350757915728,118.9332167571016,0.6213389121338913,2.0936826367268164,6.017463774557111,0.9581589958158996,0.3498832656658145,3,0,0
pilot01/LIVE_USER/20260714_145809,LIVE_USER,315,LIVE,LIVE,3/3 samples voted LIVE,478,142.58676368915928,139.18991980088495,334.6730322947126,214.71724405203105,116.2675959206352,0.5815899581589958,2.1595268305284483,5.814116325536148,0.9497907949790795,0.5704000989572895,3,0,0
pilot01/LIVE_USER/20260714_145809,LIVE_USER,320,LIVE,LIVE,3/3 samples voted LIVE,478,142.64793279867257,139.33258434734512,336.1924958869025,219.0302597276531,116.9540530284611,0.6527196652719666,2.0121901618581366,6.5006513432407775,1.0,0.1738732893687388,3,0,0
pilot01/LIVE_USER/20260714_145809,LIVE_USER,325,LIVE,LIVE,3/3 samples voted LIVE,478,142.61295976216815,139.3039581028761,337.5042577306195,217.2051078576031,117.19303040535121,0.6213389121338913,2.3239499604803484,7.469956620217361,0.9518828451882845,0.4223487275687014,3,0,0
pilot01/LIVE_USER/20260714_145809,LIVE_USER,330,LIVE,LIVE,3/3 samples voted LIVE,478,142.73586490597344,139.36399681969027,336.56731973361724,216.82833135680892,117.28127507476476,0.5920502092050209,2.781617527549423,9.317515857254104,0.9895397489539749,0.2947557029268205,3,0,0
pilot01/LIVE_USER/20260714_145809,LIVE_USER,335,LIVE,LIVE,3/3 samples voted LIVE,478,142.67696349557522,139.36776133849557,334.9461506709475,218.5328482778034,117.64390987280422,0.5920502092050209,2.2912192099635162,7.103462763543924,0.9728033472803347,0.34249975859271214,3,0,0
pilot01/LIVE_USER/20260714_145809,LIVE_USER,340,LIVE,LIVE,3/3 samples voted LIVE,478,142.51331927544248,139.3678685011062,336.5363308648543,213.40354292470516,114.4331840034175,0.5376569037656904,3.5669375183991927,11.793346144948062,0.9456066945606695,0.5592288672375892,3,0,0
pilot01/LIVE_USER/20260714_145809,LIVE_USER,345,LIVE,LIVE,3/3 samples voted LIVE,478,142.5515625,139.30784015486725,333.13233346573867,212.4013767511722,117.5025505832601,0.604602510460251,2.238632402287657,6.553015789766453,0.9602510460251046,0.3516791030875691,3,0,0
pilot01/LIVE_USER/20260714_145809,LIVE_USER,350,LIVE,LIVE,3/3 samples voted LIVE,478,142.48787679756637,139.48092505530974,331.29230304396265,214.22148239178762,117.30684609575272,0.7238493723849372,1.802657032883829,5.7721095045724855,0.9205020920502092,0.6315609715421708,3,0,0
pilot01/LIVE_USER/20260714_145809,LIVE_USER,355,LIVE,LIVE,3/3 samples voted LIVE,478,142.57845340154867,139.39981678650443,331.7833197843636,212.5462765347223,117.60241496029256,0.5920502092050209,2.2842947717608144,6.9577266128249775,0.9623430962343096,0.34103967852186423,3,0,0
pilot01/LIVE_USER/20260714_145809,LIVE_USER,360,LIVE,LIVE,3/3 samples voted LIVE,478,142.6927233130531,139.38616565265488,331.9346038677231,213.94422396146976,117.05912464343757,0.5878661087866108,2.2709699604490754,6.482783192534634,0.9665271966527197,0.41349954875496375,3,0,0
pilot01/LIVE_USER/20260714_145809,LIVE_USER,365,LIVE,LIVE,3/3 samples voted LIVE,478,142.6492706028761,139.3487797289823,332.1842899872383,213.644707993824,116.88459957270815,0.6150627615062761,2.145831896800977,6.511599310636616,0.9476987447698745,0.4030954380378036,3,0,0
pilot01/LIVE_USER/20260714_145809,LIVE_USER,370,LIVE,LIVE,3/3 samples voted LIVE,478,142.55887375553098,139.35329092920355,333.400803887069,213.55499673280994,117.02753058528309,0.5585774058577406,2.465513993860681,7.1894477306074025,0.9623430962343096,0.44465263060197385,3,0,0
pilot01/LIVE_USER/20260714_145809,LIVE_USER,375,LIVE,LIVE,3/3 samples voted LIVE,478,142.60191164269912,139.38347967367255,334.9691121822061,213.1501227964344,117.1955695805298,0.5962343096234309,2.2221843786338873,6.368215932298857,1.0,0.38266923666050845,3,0,0
pilot01/LIVE_USER/20260714_145809,LIVE_USER,380,LIVE,LIVE,3/3 samples voted LIVE,478,142.28713357300884,139.4805171460177,331.87482964330985,215.72817736900294,117.4113105674316,0.6380753138075314,1.9737102456348004,5.358216565442075,1.0,0.17355817622827344,3,0,0
pilot01/LIVE_USER/20260714_145809,LIVE_USER,385,LIVE,LIVE,3/3 samples voted LIVE,478,142.2453159568584,139.4636787887168,331.96662247476064,215.26472882016506,117.47480471246958,0.6820083682008368,1.8415837087838665,5.537672887634532,0.9748953974895398,0.5494829393709798,3,0,0
pilot01/LIVE_USER/20260714_145809,LIVE_USER,390,LIVE,LIVE,3/3 samples voted LIVE,478,142.38903484513276,139.11301852876107,320.0958521792543,209.40561468084508,117.01996213141969,0.5502092050209205,2.609213040861181,7.111307881306216,1.0,0.22064710326675196,3,0,0
pilot01/LIVE_USER/20260714_145809,LIVE_USER,395,LIVE,LIVE,3/3 samples voted LIVE,478,142.22908946349557,138.88763136061948,334.81106117320826,216.6207192804595,116.45263518960519,0.6464435146443515,2.0713435931752757,6.126931290173802,0.9456066945606695,0.4476084616979866,3,0,0
pilot01/LIVE_USER/20260714_145809,LIVE_USER,400,LIVE,LIVE,3/3 samples voted LIVE,478,142.49255047013276,139.3087907909292,324.4389615685177,207.01577142964462,117.39010896902775,0.5564853556485355,2.46977140936012,7.182908672818932,0.9853556485355649,0.2786095730605874,3,0,0
pilot01/LIVE_USER/20260714_145809,LIVE_USER,405,LIVE,LIVE,3/3 samples voted LIVE,478,142.2862762721239,139.68033393252213,340.3746272397689,210.84670289987162,116.92809061339078,0.6255230125523012,2.698927792615001,9.396555281612814,0.9456066945606695,0.44673328952056335,3,0,0
pilot01/LIVE_USER/20260714_145809,LIVE_USER,410,INCONCLUSIVE,INCONCLUSIVE,temporal vote did not reach a fail-safe majority,478,142.3786711836283,139.58610342920355,325.35256710472225,211.69150765945324,117.75940591943868,0.7656903765690377,1.62397582739962,5.418936464553125,0.9497907949790795,0.36684310708770096,2,0,1
pilot01/LIVE_USER/20260714_145809,LIVE_USER,415,LIVE,INCONCLUSIVE,temporal vote did not reach a fail-safe majority,478,142.4526272123894,139.3769980641593,333.391571030821,213.96052867954234,118.46826313022312,0.5732217573221757,2.72885332242895,9.344110704178519,0.891213389121339,0.6284679329666135,2,0,1
pilot01/LIVE_USER/20260714_145809,LIVE_USER,420,LIVE,INCONCLUSIVE,temporal vote did not reach a fail-safe majority,478,142.54162748893805,139.45758780420354,334.0791448225113,213.50109510501966,117.91932242376423,0.602510460251046,2.4917648921912736,7.689271561715211,0.99581589958159,0.378704544779323,2,0,1
pilot01/LIVE_USER/20260714_145809,LIVE_USER,425,LIVE,LIVE,3/3 samples voted LIVE,478,142.9101043971239,139.60043556415928,328.16613759798076,212.23493003005737,115.5513871834765,0.5397489539748954,2.745216652618241,8.1880521529895,0.895397489539749,0.6183827210804426,3,0,0
pilot01/LIVE_USER/20260714_145809,LIVE_USER,430,LIVE,LIVE,3/3 samples voted LIVE,478,144.20127558075222,140.74657771017698,331.88524832297196,210.53498502603608,115.82805478201485,0.5418410041841004,2.714969629584078,8.160264446457635,0.9623430962343096,0.5170297878971467,3,0,0
pilot01/LIVE_USER/20260714_145809,LIVE_USER,435,LIVE,LIVE,3/3 samples voted LIVE,478,144.29837873340708,141.02291551438054,332.68661554938075,214.13604860127583,113.90313655950668,0.6631799163179917,2.0555220726289796,6.443196150948463,0.9853556485355649,0.4521722314154074,3,0,0
pilot01/LIVE_USER/20260714_145809,LIVE_USER,440,LIVE,LIVE,3/3 samples voted LIVE,478,143.46698008849557,140.31809319690265,330.76493864912817,213.2890244673756,115.2084178492267,0.5711297071129707,2.7620066096266003,9.44187460949575,0.9644351464435147,0.3355292162872999,3,0,0
pilot01/LIVE_USER/20260714_145809,LIVE_USER,445,LIVE,LIVE,3/3 samples voted LIVE,478,142.51396570796462,139.3680171460177,334.67861773873074,213.4362973525431,116.56791565290598,0.6631799163179917,1.8884488333058385,5.365598055059692,0.9916317991631799,0.2519507116659354,3,0,0
pilot01/LIVE_USER/20260714_145809,LIVE_USER,450,LIVE,LIVE,3/3 samples voted LIVE,478,142.62650373340708,139.4007777931416,334.22597036528543,213.45394243975124,117.14817837481495,0.5648535564853556,2.6924294906276143,8.448340454071252,0.9665271966527197,0.35794910316833467,3,0,0
pilot01/LIVE_USER/20260714_145809,LIVE_USER,455,LIVE,LIVE,3/3 samples voted LIVE,478,142.5943307522124,139.4600041482301,335.3745145252367,213.31757870192777,117.02077767865046,0.6108786610878661,2.0943688801111175,5.968410704923559,0.9874476987447699,0.3556841881476198,3,0,0
pilot01/LIVE_USER/20260714_145809,LIVE_USER,460,LIVE,LIVE,3/3 samples voted LIVE,478,142.66833863384954,139.56734651548672,333.3498863450728,211.39860812841823,117.53110641899823,0.5585774058577406,2.227211578009427,5.6870419383295925,0.897489539748954,0.6084502690985024,3,0,0
pilot01/LIVE_USER/20260714_145809,LIVE_USER,465,LIVE,LIVE,3/3 samples voted LIVE,478,142.48834693030975,139.47804894911505,334.1904086660056,213.30532799539645,117.33660969074396,0.5920502092050209,2.2691616197312063,6.705589476482762,0.9644351464435147,0.4113680704150192,3,0,0
pilot01/LIVE_USER/20260714_145809,LIVE_USER,470,LIVE,LIVE,3/3 samples voted LIVE,478,142.3975594579646,139.36555931969028,332.9930263799213,213.203885117085,116.99322643922056,0.5962343096234309,2.260006015967398,7.052348849080523,1.0,0.25100317990677484,3,0,0
pilot01/LIVE_USER/20260714_145809,LIVE_USER,475,LIVE,LIVE,3/3 samples voted LIVE,478,142.36537264933628,139.28694690265488,334.09776940942584,212.5099496061552,117.79984511575208,0.5836820083682008,2.26644254682876,6.656570805971071,0.9728033472803347,0.40872944655839655,3,0,0
pilot01/LIVE_USER/20260714_145809,LIVE_USER,480,LIVE,LIVE,3/3 samples voted LIVE,478,142.382124585177,139.2850145188053,333.00235815340545,210.9719955077953,117.42876459575855,0.5899581589958159,2.211939758307246,6.384256676301827,0.9686192468619247,0.4418300405419435,3,0,0
pilot01/LIVE_USER/20260714_145809,LIVE_USER,485,LIVE,LIVE,3/3 samples voted LIVE,478,142.47083794247789,139.28975387168143,332.4274309885923,211.50170453078988,116.89975327969742,0.5753138075313807,2.339828265511336,6.684041379087952,0.9497907949790795,0.41706962519378765,3,0,0
pilot01/LIVE_USER/20260714_145809,LIVE_USER,490,LIVE,LIVE,3/3 samples voted LIVE,478,142.42936601216815,139.27609582411503,333.36208613813113,212.18978998408116,116.5567733105125,0.5774058577405857,2.2743322007951745,6.707650978385833,0.9748953974895398,0.5042770669495892,3,0,0
pilot01/LIVE_USER/20260714_145809,LIVE_USER,495,LIVE,LIVE,3/3 samples voted LIVE,478,142.43682591261063,139.25662334070796,332.10136063701145,210.51989979087534,117.23862755311289,0.5774058577405857,2.4953015404427856,7.517956364127631,0.9686192468619247,0.34386606204606956,3,0,0
pilot01/LIVE_USER/20260714_145809,LIVE_USER,500,LIVE,LIVE,3/3 samples voted LIVE,478,142.36338841261062,139.2314435840708,332.5704860618245,211.70240164682164,117.47643882969223,0.5815899581589958,2.3640643583555883,6.8956753419204295,0.99581589958159,0.2625418944816038,3,0,0
pilot01/LIVE_USER/20260714_145809,LIVE_USER,505,LIVE,LIVE,3/3 samples voted LIVE,478,142.41214394358408,139.2761684181416,332.1173313228522,210.7918280201853,117.06739321605357,0.5941422594142259,2.566755567927883,8.68286597591348,0.9205020920502092,0.4549101751738582,3,0,0
pilot01/LIVE_USER/20260714_145809,LIVE_USER,510,LIVE,LIVE,3/3 samples voted LIVE,478,142.37085522676992,139.32110757743362,328.4451923940549,212.04442558493514,117.14753491971375,0.6150627615062761,2.1757535515340023,6.75355154928489,0.9456066945606695,0.4397516241351298,3,0,0
pilot01/LIVE_USER/20260714_145809,LIVE_USER,515,LIVE,LIVE,3/3 samples voted LIVE,478,142.25958586836282,139.24424778761062,331.9996497797094,215.39139954027942,117.2061753506723,0.7154811715481172,1.7802165318857703,5.366132346018991,0.9853556485355649,0.27835757286844154,3,0,0
pilot01/LIVE_USER/20260714_145809,LIVE_USER,520,LIVE,LIVE,3/3 samples voted LIVE,478,142.32028830199116,138.93308213495575,337.14172589218646,214.71639358924412,116.43652364315211,0.5899581589958159,2.256552885668186,6.3474973371849375,0.9811715481171548,0.3736802538117082,3,0,0
pilot01/LIVE_USER/20260714_145809,LIVE_USER,525,LIVE,LIVE,3/3 samples voted LIVE,478,142.26837665929204,139.18243915929204,330.12360173977874,211.8163950834559,117.72490236221401,0.6255230125523012,2.1461464663396015,6.338366459072832,0.9686192468619247,0.40588991496177285,3,0,0
pilot01/LIVE_USER/20260714_145809,LIVE_USER,530,LIVE,LIVE,3/3 samples voted LIVE,478,142.23859236725664,139.11895741150443,326.2742932244461,209.87995715587996,117.46622292299949,0.5648535564853556,2.287912027011817,6.585460695803066,1.0,0.26855142715206065,3,0,0
pilot01/LIVE_USER/20260714_145809,LIVE_USER,535,LIVE,LIVE,3/3 samples voted LIVE,478,142.30806830752212,138.919233960177,333.66046843642346,214.63496435993085,116.43300422080705,0.5941422594142259,2.2668313003024925,6.653587530148057,0.9267782426778243,0.5194235478079988,3,0,0
pilot01/LIVE_USER/20260714_145809,LIVE_USER,540,LIVE,LIVE,3/3 samples voted LIVE,478,142.12800055309734,139.1079576880531,330.6291894083727,211.9035389118432,118.46930711435374,0.5878661087866108,2.2769495621438773,6.483289707487741,0.9937238493723849,0.259700035998245,3,0,0
pilot01/LIVE_USER/20260714_145809,LIVE_USER,545,LIVE,LIVE,3/3 samples voted LIVE,478,142.28994399889382,139.17802820796462,332.4467041584319,213.0006002539104,118.44139508159138,0.600418410041841,2.1990965005748833,6.280301647598095,0.9393305439330544,0.4889459605224365,3,0,0
pilot01/LIVE_USER/20260714_145809,LIVE_USER,550,LIVE,LIVE,3/3 samples voted LIVE,478,142.48205199115046,139.13709900442478,331.9795156833225,214.89004706676195,117.42519897425582,0.4811715481171548,2.6747360314031794,7.4555134933471185,0.9665271966527197,0.4209785275140745,3,0,0
pilot01/LIVE_USER/20260714_145809,LIVE_USER,555,LIVE,LIVE,3/3 samples voted LIVE,478,142.53337596792036,139.1523956028761,335.1507369683704,214.61123832381784,116.66572860743834,0.6443514644351465,1.9610781713312757,5.898001257464876,0.9895397489539749,0.36326298209245644,3,0,0
pilot01/LIVE_USER/20260714_145809,LIVE_USER,560,LIVE,LIVE,3/3 samples voted LIVE,478,142.54586214048672,139.2124481471239,331.77931827368013,213.61835738672087,117.73113574375994,0.602510460251046,2.227216996434446,6.765199160708361,0.997907949790795,0.2460771099364572,3,0,0
pilot01/LIVE_USER/20260714_145809,LIVE_USER,565,LIVE,LIVE,3/3 samples voted LIVE,478,142.49434803650442,139.20308351769913,334.1025246394729,211.80441870435533,117.22553345234344,0.5543933054393305,2.4317196616974854,7.188215827609988,0.9707112970711297,0.3888565869973595,3,0,0
pilot01/LIVE_USER/20260714_145809,LIVE_USER,570,LIVE,LIVE,3/3 samples voted LIVE,478,142.57390763274336,139.23582688053096,333.3765222752915,213.24728040018977,117.55677162652225,0.5983263598326359,2.2651874409970665,6.728226309939417,0.9707112970711297,0.4512514118549722,3,0,0
pilot01/LIVE_USER/20260714_145809,LIVE_USER,575,LIVE,LIVE,3/3 samples voted LIVE,478,142.55325290376106,139.19514657079645,333.89995518626654,214.33202930837317,117.48964471123894,0.5899581589958159,2.2216482883015134,6.200988087450001,0.9748953974895398,0.3235711395743628,3,0,0
pilot01/LIVE_USER/20260714_145809,LIVE_USER,580,LIVE,LIVE,3/3 samples voted LIVE,478,142.47095201880532,139.23399820243364,332.1767593301813,211.02236444750955,116.78975001372216,0.604602510460251,2.1500217031088207,6.12241210301944,0.9351464435146444,0.5260679995184047,3,0,0
pilot01/LIVE_USER/20260714_145809,LIVE_USER,585,LIVE,LIVE,3/3 samples voted LIVE,478,142.35030766039824,139.37771363384957,331.53021941690554,215.0529481215488,117.53447258243638,0.6673640167364017,1.933554943655293,5.703247407704007,0.9790794979079498,0.29094595775894166,3,0,0
pilot01/LIVE_USER/20260714_145809,LIVE_USER,590,LIVE,LIVE,3/3 samples voted LIVE,478,142.3949668141593,139.25625,330.1446656672887,211.18989539388485,115.85957964990993,0.5606694560669456,2.6976568018742286,7.921411194651279,0.897489539748954,0.5639283674399536,3,0,0
pilot01/LIVE_USER/20260714_145809,LIVE_USER,595,LIVE,LIVE,3/3 samples voted LIVE,478,142.41766108960178,139.05563467920354,335.1472165577701,216.5318090304078,116.33258231044567,0.600418410041841,2.2898828853491913,7.01795534898964,0.9184100418410042,0.6333284197872023,3,0,0
pilot01/LIVE_USER/20260714_145809,LIVE_USER,600,LIVE,LIVE,3/3 samples voted LIVE,478,142.34040721792036,139.18282978429204,330.50006836621037,210.6593146791592,117.05478806708243,0.6213389121338913,2.684184744275464,9.10927993811939,0.9916317991631799,0.27917416354702757,3,0,0
pilot01/LIVE_USER/20260714_145809,LIVE_USER,605,LIVE,LIVE,3/3 samples voted LIVE,478,142.37686670353983,139.42342712942477,331.93048598070885,214.49684331313904,117.25725566348581,0.5878661087866108,2.182132332586504,6.072465531409573,0.9686192468619247,0.33706518538251945,3,0,0
pilot01/LIVE_USER/20260714_145809,LIVE_USER,610,LIVE,LIVE,3/3 samples voted LIVE,478,142.49427198561946,139.1756256913717,329.47079859192627,214.4344483430922,114.55975034618471,0.5606694560669456,3.3958091417814806,11.78846635460351,0.9790794979079498,0.35208452074459595,3,0,0
pilot01/LIVE_USER/20260714_145809,LIVE_USER,615,LIVE,LIVE,3/3 samples voted LIVE,478,142.49588633849558,139.09263689159292,337.317119912252,214.39357095432038,116.41613194957894,0.6317991631799164,2.1436106981323957,6.338647701114936,0.9686192468619247,0.46459998617366755,3,0,0
pilot01/LIVE_USER/20260714_145809,LIVE_USER,620,LIVE,LIVE,3/3 samples voted LIVE,478,142.46118985066371,139.26255876659292,330.8570639066049,211.73076822234728,116.37866017330482,0.6317991631799164,2.0944692822401065,6.513210481769286,0.9769874476987448,0.3559351074359887,3,0,0
pilot01/LIVE_USER/20260714_145809,LIVE_USER,625,LIVE,LIVE,3/3 samples voted LIVE,478,142.46368224557523,139.37750622234512,331.84450686767633,213.17027855548594,118.00349115437785,0.606694560669456,2.2045784904201664,6.503620046541949,0.9644351464435147,0.3749093857864302,3,0,0
pilot01/LIVE_USER/20260714_145809,LIVE_USER,630,LIVE,LIVE,3/3 samples voted LIVE,478,142.59543003318583,139.17091745022122,336.43306660007687,213.89582350316311,115.58866210784443,0.5753138075313807,2.3497474376683387,6.729687433327372,0.9372384937238494,0.4599451439461953,3,0,0
pilot01/LIVE_USER/20260714_145809,LIVE_USER,635,LIVE,LIVE,3/3 samples voted LIVE,478,142.63793210730088,139.37674571349558,329.8140584244251,210.6216564056996,117.25533369173768,0.6171548117154811,2.176280222059481,6.109530278140123,0.9874476987447699,0.262889217917714,3,0,0
pilot01/LIVE_USER/20260714_145809,LIVE_USER,640,LIVE,LIVE,3/3 samples voted LIVE,478,142.47473382190265,139.4445243362832,332.2057009237384,215.52478903680304,117.51753917764316,0.698744769874477,1.8765754025076589,6.0854925946137595,0.9414225941422594,0.4719111068118452,3,0,0
pilot01/LIVE_USER/20260714_145809,LIVE_USER,645,LIVE,LIVE,3/3 samples voted LIVE,478,142.34143736172567,138.9522054756637,330.5407877891481,214.99739477035257,116.06004504762387,0.5690376569037657,2.375298039353264,6.929663812077504,0.9435146443514645,0.4110332368794873,3,0,0
pilot01/LIVE_USER/20260714_145809,LIVE_USER,650,LIVE,LIVE,3/3 samples voted LIVE,478,142.37658669800885,139.08522884402655,329.7475129578655,212.35908666665242,114.83664352083329,0.6422594142259415,2.334685532199777,7.6110760901412,0.9916317991631799,0.34486206149127474,3,0,0
pilot01/LIVE_USER/20260714_145809,LIVE_USER,655,INCONCLUSIVE,INCONCLUSIVE,temporal vote did not reach a fail-safe majority,478,142.285266869469,139.4295353982301,329.3306169419636,213.24002512780436,118.37427540880476,0.7405857740585774,1.6975476873357007,5.710444472559392,0.9623430962343096,0.4350227537154942,2,0,1
pilot01/LIVE_USER/20260714_145809,LIVE_USER,660,LIVE,INCONCLUSIVE,temporal vote did not reach a fail-safe majority,478,142.36403830199114,139.41428719579645,325.54477148631565,212.81053625892665,117.01436033481619,0.6192468619246861,2.2374693472631115,7.039722203716231,0.9769874476987448,0.37416376964281856,2,0,1
pilot01/LIVE_USER/20260714_145809,LIVE_USER,665,LIVE,INCONCLUSIVE,temporal vote did not reach a fail-safe majority,478,142.3472103152655,138.9540445243363,333.7579148080476,216.36940748357074,117.05087340111366,0.6485355648535565,2.0881175201244266,6.796777624093011,0.9581589958158996,0.4060730156957907,2,0,1
pilot01/LIVE_USER/20260714_145809,LIVE_USER,670,LIVE,LIVE,3/3 samples voted LIVE,478,142.50187361725665,139.33798396017698,329.8726743738421,209.98003892979668,117.40693023833389,0.6234309623430963,2.035539581577631,5.663120556062638,0.9309623430962343,0.5642968959219985,3,0,0
pilot01/LIVE_USER/20260714_145809,LIVE_USER,675,LIVE,LIVE,3/3 samples voted LIVE,478,142.6205613938053,139.46623340707964,326.9722625774844,211.11991271364406,117.82809167403038,0.6276150627615062,2.157459694204152,6.241074382975986,0.9937238493723849,0.2505655645062057,3,0,0
pilot01/LIVE_USER/20260714_145809,LIVE_USER,680,LIVE,LIVE,3/3 samples voted LIVE,478,142.58205544800884,139.01644427544247,332.13331374250924,215.89882658670516,114.43290262308786,0.6108786610878661,2.2433306970963423,6.618476965695416,0.9769874476987448,0.3294370319751185,3,0,0
pilot01/LIVE_USER/20260714_145809,LIVE_USER,685,LIVE,LIVE,3/3 samples voted LIVE,478,142.53044800884956,139.22897538716813,328.75606641515026,210.19311548186877,117.88389897512057,0.6192468619246861,2.088138836139593,6.000666768284518,0.9853556485355649,0.40331137293858604,3,0,0
pilot01/LIVE_USER/20260714_145809,LIVE_USER,690,LIVE,LIVE,3/3 samples voted LIVE,478,143.12185425884957,139.88829162057522,329.9561608138059,213.78334817700383,115.64209631349293,0.5585774058577406,2.4914801613696413,6.880629176709306,0.9686192468619247,0.46552254683651145,3,0,0
pilot01/LIVE_USER/20260714_145809,LIVE_USER,695,LIVE,LIVE,3/3 samples voted LIVE,478,143.409578954646,140.03318929756637,331.9750731110258,210.99948420583527,115.47121349136977,0.6506276150627615,2.113102506358995,5.988299062520778,0.9393305439330544,0.40533929663314144,3,0,0
pilot01/LIVE_USER/20260714_145809,LIVE_USER,700,LIVE,LIVE,3/3 samples voted LIVE,478,142.65658185840707,139.3421944137168,328.50519431711166,212.11428729808736,117.5365846529941,0.604602510460251,2.231367268947043,6.81705578660655,0.9435146443514645,0.4164152937768298,3,0,0
pilot01/LIVE_USER/20260714_145809,LIVE_USER,705,LIVE,LIVE,3/3 samples voted LIVE,478,142.11689366703538,138.91746404867257,331.604186456241,212.3715750785288,118.82863969183119,0.5125523012552301,2.86347056941119,8.187785626443945,0.893305439330544,0.5719034634380159,3,0,0
pilot01/LIVE_USER/20260714_145809,LIVE_USER,710,LIVE,LIVE,3/3 samples voted LIVE,478,143.2473174778761,139.98196211283187,331.4807724869093,213.70551474222967,115.45876453402737,0.5983263598326359,2.563006228187244,8.678376110962779,0.9539748953974896,0.3639954212186595,3,0,0
pilot01/LIVE_USER/20260714_145809,LIVE_USER,715,LIVE,LIVE,3/3 samples voted LIVE,478,143.20180102323008,139.9082930033186,329.527871797442,211.56308390734853,116.55379969871844,0.6610878661087866,2.1607162085875884,6.464731533113681,0.9246861924686193,0.5959478472475488,3,0,0
pilot01/LIVE_USER/20260714_145809,LIVE_USER,720,LIVE,LIVE,3/3 samples voted LIVE,478,142.1636649612832,139.10808213495577,331.34657666317713,213.15628372425405,117.80941174539869,0.602510460251046,2.4915190150582784,8.315593013090023,0.9853556485355649,0.2705135000068872,3,0,0
pilot01/LIVE_USER/20260714_145809,LIVE_USER,725,LIVE,LIVE,3/3 samples voted LIVE,478,141.95281733960178,138.84206996681417,331.75475867169325,211.56402047086112,116.8178344152908,0.6108786610878661,2.2317433109610025,6.721619654146985,0.99581589958159,0.27089093959137683,3,0,0
pilot01/LIVE_USER/20260714_145809,LIVE_USER,730,LIVE,LIVE,3/3 samples voted LIVE,478,141.95559319690267,138.7642629977876,331.827834557345,211.81422292456764,117.21381667350848,0.5627615062761506,2.747969965902142,8.881014994655288,0.9686192468619247,0.4235203703084102,3,0,0
pilot01/LIVE_USER/20260714_145809,LIVE_USER,735,LIVE,LIVE,3/3 samples voted LIVE,478,143.26419040376106,140.0767526272124,330.0585161846363,215.03580166485926,117.56699533910175,0.6548117154811716,2.0703437565084615,6.440830934162012,0.9100418410041841,0.5002592772433713,3,0,0
pilot01/LIVE_USER/20260714_145809,LIVE_USER,740,LIVE,LIVE,3/3 samples voted LIVE,478,143.84083241150444,140.4596169800885,332.8320755983099,212.85592575122234,115.75609070995688,0.5376569037656904,2.1685692411807898,5.709235293036525,1.0,0.5211049225636992,3,0,0
pilot01/LIVE_USER/20260714_145809,LIVE_USER,745,LIVE,LIVE,3/3 samples voted LIVE,478,142.76989076327433,139.70640210176992,325.6093573443538,211.05746986644291,116.94172979390466,0.6610878661087866,2.042354585050616,6.4183970299431,0.9393305439330544,0.47691897357510254,3,0,0
pilot01/LIVE_USER/20260714_145809,LIVE_USER,750,LIVE,LIVE,3/3 samples voted LIVE,478,142.08799778761062,139.11087181969026,329.1208393953909,211.66257455934996,116.97132587376612,0.6213389121338913,2.0616357847887663,6.134626286712143,0.9581589958158996,0.4933769892870625,3,0,0
pilot01/PARTIAL/20260714_151445,PARTIAL,0,INCONCLUSIVE,,face landmarks missing in one or both cameras,,131.85182176438053,142.43243570243362,212.22172127610693,178.48298706990363,,,,,,,,,
pilot01/PARTIAL/20260714_151445,PARTIAL,5,INCONCLUSIVE,,face landmarks missing in one or both cameras,,131.60754977876107,142.92046805862833,207.21813263104363,178.88936555515733,,,,,,,,,
pilot01/PARTIAL/20260714_151445,PARTIAL,10,INCONCLUSIVE,INCONCLUSIVE,temporal vote did not reach a fail-safe majority,,116.47626175331858,140.35481194690266,121.81818259722642,143.57454868494403,,,,,,,0,0,3
pilot01/PARTIAL/20260714_151445,PARTIAL,15,INCONCLUSIVE,INCONCLUSIVE,temporal vote did not reach a fail-safe majority,,106.44373271570797,120.9535674778761,111.3118758725795,147.92057059802542,,,,,,,0,0,3
pilot01/PARTIAL/20260714_151445,PARTIAL,20,INCONCLUSIVE,INCONCLUSIVE,temporal vote did not reach a fail-safe majority,,107.07832895464601,113.0504424778761,79.30162436561247,122.54066212279712,,,,,,,0,0,3
pilot01/PARTIAL/20260714_151445,PARTIAL,25,INCONCLUSIVE,INCONCLUSIVE,temporal vote did not reach a fail-safe majority,,116.48020257190265,116.71484029314159,172.4325793111919,145.46112385674158,,,,,,,0,0,3
pilot01/PARTIAL/20260714_151445,PARTIAL,30,INCONCLUSIVE,INCONCLUSIVE,temporal vote did not reach a fail-safe majority,,124.83573354535399,120.46052267699115,155.36629561977608,143.33041244909546,,,,,,,0,0,3
pilot01/PARTIAL/20260714_151445,PARTIAL,35,INCONCLUSIVE,INCONCLUSIVE,temporal vote did not reach a fail-safe majority,,125.20856955199115,124.47764795353983,126.13305094090741,137.4487158071079,,,,,,,0,0,3
pilot01/PARTIAL/20260714_151445,PARTIAL,40,INCONCLUSIVE,INCONCLUSIVE,temporal vote did not reach a fail-safe majority,,127.64187983960177,122.03334139933628,121.87023534475586,129.74280838542072,,,,,,,0,0,3
pilot01/PARTIAL/20260714_151445,PARTIAL,45,INCONCLUSIVE,INCONCLUSIVE,temporal vote did not reach a fail-safe majority,,127.84026894358406,88.04996888827434,88.06201352355082,2.1994572679601956,,,,,,,0,0,3
pilot01/PARTIAL/20260714_151445,PARTIAL,50,INCONCLUSIVE,INCONCLUSIVE,temporal vote did not reach a fail-safe majority,,130.13991288716815,96.07635163163717,90.10294654177596,2.648869599832216,,,,,,,0,0,3
pilot01/PARTIAL/20260714_151445,PARTIAL,55,INCONCLUSIVE,INCONCLUSIVE,temporal vote did not reach a fail-safe majority,,128.76106886061947,103.78664615597346,85.3701285981441,1.8998236872078302,,,,,,,0,0,3
pilot01/PARTIAL/20260714_151445,PARTIAL,60,INCONCLUSIVE,INCONCLUSIVE,temporal vote did not reach a fail-safe majority,,122.78693998893806,106.15709001659292,97.3684491370583,2.058662886737946,,,,,,,0,0,3
pilot01/PARTIAL/20260714_151445,PARTIAL,65,INCONCLUSIVE,INCONCLUSIVE,temporal vote did not reach a fail-safe majority,,141.9635232300885,163.70740113384954,146.10606760363655,1.6115492692831326,,,,,,,0,0,3
pilot01/PARTIAL/20260714_151445,PARTIAL,70,INCONCLUSIVE,INCONCLUSIVE,temporal vote did not reach a fail-safe majority,,149.73021985619468,166.21753318584072,185.7937910974075,1.5564538909651604,,,,,,,0,0,3
pilot01/PARTIAL/20260714_151445,PARTIAL,75,INCONCLUSIVE,INCONCLUSIVE,temporal vote did not reach a fail-safe majority,,138.45929549225664,135.79903207964603,218.50980199677164,1.8784601344759029,,,,,,,0,0,3
pilot01/PARTIAL/20260714_151445,PARTIAL,80,INCONCLUSIVE,INCONCLUSIVE,temporal vote did not reach a fail-safe majority,,136.78367671460177,132.4187983960177,222.9356355066006,2.222250958386748,,,,,,,0,0,3
pilot01/PARTIAL/20260714_151445,PARTIAL,85,INCONCLUSIVE,INCONCLUSIVE,temporal vote did not reach a fail-safe majority,,143.8988730641593,132.2944344579646,191.3846643006179,1.8864939833527605,,,,,,,0,0,3
pilot01/PARTIAL/20260714_151445,PARTIAL,90,INCONCLUSIVE,INCONCLUSIVE,temporal vote did not reach a fail-safe majority,,147.40208102876107,131.3036227876106,177.76511680021665,1.9115769901136719,,,,,,,0,0,3
pilot01/PARTIAL/20260714_151445,PARTIAL,95,INCONCLUSIVE,INCONCLUSIVE,temporal vote did not reach a fail-safe majority,,132.0217712942478,112.0902862278761,184.66029336108812,2.29452425593226,,,,,,,0,0,3
pilot01/PARTIAL/20260714_151445,PARTIAL,100,INCONCLUSIVE,INCONCLUSIVE,temporal vote did not reach a fail-safe majority,,136.98168210730088,143.1664511891593,217.61100475382082,1.200815726044277,,,,,,,0,0,3
pilot01/PARTIAL/20260714_151445,PARTIAL,105,INCONCLUSIVE,INCONCLUSIVE,temporal vote did not reach a fail-safe majority,,137.89845478429203,130.8394012721239,212.27131325619493,4.831504936376597,,,,,,,0,0,3
pilot01/PARTIAL/20260714_151445,PARTIAL,110,LIVE,INCONCLUSIVE,temporal vote did not reach a fail-safe majority,478,136.7181657909292,141.4029867256637,238.16844802730972,89.17041860852453,124.1937034245797,0.3263598326359833,6.703965682005843,18.14572692922469,0.7175732217573222,1.2751776903636383,1,0,2
pilot01/PARTIAL/20260714_151445,PARTIAL,115,INCONCLUSIVE,INCONCLUSIVE,temporal vote did not reach a fail-safe majority,,136.21129701327433,120.64222206858408,238.43090957420532,61.613142000542375,,,,,,,1,0,2
pilot01/PARTIAL/20260714_151445,PARTIAL,120,INCONCLUSIVE,INCONCLUSIVE,temporal vote did not reach a fail-safe majority,,135.1251521017699,118.87200981747787,228.46069625782792,2.611780466346642,,,,,,,1,0,2
pilot01/PARTIAL/20260714_151445,PARTIAL,125,INCONCLUSIVE,INCONCLUSIVE,temporal vote did not reach a fail-safe majority,,138.75192547013273,120.70813744469027,208.84975026066968,2.2787956094514032,,,,,,,0,0,3
pilot01/PARTIAL/20260714_151445,PARTIAL,130,LIVE,INCONCLUSIVE,temporal vote did not reach a fail-safe majority,478,129.7254874170354,120.72111103429204,168.16829019900672,64.80087434081409,140.87550458715017,0.700836820083682,1.9785751697532223,6.971104366708338,0.9121338912133892,0.6081847573409561,1,0,2
pilot01/PARTIAL/20260714_151445,PARTIAL,135,LIVE,INCONCLUSIVE,temporal vote did not reach a fail-safe majority,478,127.97821487831858,142.28439919800886,166.59989335572695,185.6226688380409,123.16401758319095,0.49372384937238495,3.433615408456488,12.813410938573499,0.9121338912133892,0.6646855689013025,2,0,1
pilot01/PARTIAL/20260714_151445,PARTIAL,140,LIVE,LIVE,3/3 samples voted LIVE,478,132.03829853429204,132.4661158738938,181.64766524240866,169.11300760197915,131.52100520688955,0.5,4.273360136806835,15.872995014251856,0.997907949790795,0.3651776582167602,3,0,0
pilot01/PARTIAL/20260714_151445,PARTIAL,145,INCONCLUSIVE,INCONCLUSIVE,temporal vote did not reach a fail-safe majority,,143.6515555862832,128.75480849004424,157.83260662380295,36.87264438024188,,,,,,,2,0,1
pilot01/PARTIAL/20260714_151445,PARTIAL,150,INCONCLUSIVE,INCONCLUSIVE,temporal vote did not reach a fail-safe majority,,118.65509540929203,148.63697455752214,100.05542361810126,121.09068089021139,,,,,,,1,0,2
pilot01/PARTIAL/20260714_151445,PARTIAL,155,INCONCLUSIVE,INCONCLUSIVE,temporal vote did not reach a fail-safe majority,,135.6809077710177,112.83528069690266,110.86621931077394,60.76984499401732,,,,,,,0,0,3
pilot01/PARTIAL/20260714_151445,PARTIAL,160,INCONCLUSIVE,INCONCLUSIVE,temporal vote did not reach a fail-safe majority,,116.24895948561947,120.9085418971239,141.84739860621306,44.52260394865721,,,,,,,0,0,3
pilot01/PARTIAL/20260714_151445,PARTIAL,165,INCONCLUSIVE,INCONCLUSIVE,temporal vote did not reach a fail-safe majority,,130.69525027654868,106.63039961283185,235.12976277719062,2.1340016454779858,,,,,,,0,0,3
pilot01/PARTIAL/20260714_151445,PARTIAL,170,INCONCLUSIVE,INCONCLUSIVE,temporal vote did not reach a fail-safe majority,,128.19351839048673,124.79861725663717,225.10545978812328,2.203937304832332,,,,,,,0,0,3
pilot01/PARTIAL/20260714_151445,PARTIAL,175,INCONCLUSIVE,INCONCLUSIVE,temporal vote did not reach a fail-safe majority,,126.51208517699115,138.28693653207964,228.5817646890169,5.030168003306634,,,,,,,0,0,3
pilot01/PARTIAL/20260714_151445,PARTIAL,180,INCONCLUSIVE,INCONCLUSIVE,temporal vote did not reach a fail-safe majority,,126.79366703539823,121.08765555862831,230.90027900746588,9.349556417764704,,,,,,,0,0,3
pilot01/PARTIAL/20260714_151445,PARTIAL,185,INCONCLUSIVE,INCONCLUSIVE,temporal vote did not reach a fail-safe majority,,127.31227876106195,118.1048326880531,251.09921524571254,12.018351055392923,,,,,,,0,0,3
pilot01/PARTIAL/20260714_151445,PARTIAL,190,INCONCLUSIVE,INCONCLUSIVE,temporal vote did not reach a fail-safe majority,,127.5909637721239,123.36409361172566,253.8403800800523,6.234758068858172,,,,,,,0,0,3
pilot01/PARTIAL/20260714_151445,PARTIAL,195,INCONCLUSIVE,INCONCLUSIVE,temporal vote did not reach a fail-safe majority,,127.8222103152655,120.5764103982301,254.06780211421258,2.3011165638195528,,,,,,,0,0,3
pilot01/PARTIAL/20260714_151445,PARTIAL,200,INCONCLUSIVE,INCONCLUSIVE,temporal vote did not reach a fail-safe majority,,133.67970478429203,112.50428304756637,185.30298173060612,2.059789662211398,,,,,,,0,0,3
pilot01/PARTIAL/20260714_151445,PARTIAL,205,INCONCLUSIVE,INCONCLUSIVE,temporal vote did not reach a fail-safe majority,,145.06825566924778,131.45250967920353,83.41670677889503,15.898291229276724,,,,,,,0,0,3
pilot01/PARTIAL/20260714_151445,PARTIAL,210,INCONCLUSIVE,INCONCLUSIVE,temporal vote did not reach a fail-safe majority,,126.99250898783185,139.8679099834071,2.5892456188406547,201.3969958583089,,,,,,,0,0,3
pilot01/PARTIAL/20260714_151445,PARTIAL,215,INCONCLUSIVE,INCONCLUSIVE,temporal vote did not reach a fail-safe majority,,138.28161642699115,143.96631291482302,30.484115377971808,200.23248408973984,,,,,,,0,0,3
pilot01/PARTIAL/20260714_151445,PARTIAL,220,INCONCLUSIVE,INCONCLUSIVE,temporal vote did not reach a fail-safe majority,,137.43046183628317,133.82848797013276,43.175271499792714,226.78247867182415,,,,,,,0,0,3
pilot01/PARTIAL/20260714_151445,PARTIAL,225,LIVE,INCONCLUSIVE,temporal vote did not reach a fail-safe majority,478,169.89533324115044,130.68219026548672,99.22661332699171,177.9400908001674,113.33902444719497,0.3472803347280335,5.318358224157936,16.723800320092614,0.8389121338912134,0.7680134713706921,1,0,2
pilot01/PARTIAL/20260714_151445,PARTIAL,230,INCONCLUSIVE,INCONCLUSIVE,temporal vote did not reach a fail-safe majority,,155.12790030420354,129.1255807522124,172.4041944370812,152.46266680220128,,,,,,,1,0,2
pilot01/PARTIAL/20260714_151445,PARTIAL,235,INCONCLUSIVE,INCONCLUSIVE,temporal vote did not reach a fail-safe majority,,128.20528207964603,119.04092574668141,126.92268030603243,144.07970909695234,,,,,,,1,0,2
pilot01/PARTIAL/20260714_151445,PARTIAL,240,INCONCLUSIVE,INCONCLUSIVE,temporal vote did not reach a fail-safe majority,,121.60205683075222,117.832421875,156.90285171974833,146.09334752378808,,,,,,,0,0,3
pilot01/PARTIAL/20260714_151445,PARTIAL,245,INCONCLUSIVE,INCONCLUSIVE,temporal vote did not reach a fail-safe majority,,122.3424744192478,118.18121888827433,156.76632295451827,137.39545962191255,,,,,,,0,0,3
pilot01/PARTIAL/20260714_151445,PARTIAL,250,INCONCLUSIVE,INCONCLUSIVE,temporal vote did not reach a fail-safe majority,,121.86768528761061,115.41266592920354,139.71362160092875,138.55021904991304,,,,,,,0,0,3
pilot01/PARTIAL/20260714_151445,PARTIAL,255,INCONCLUSIVE,INCONCLUSIVE,temporal vote did not reach a fail-safe majority,,124.18606540376106,116.28658047566371,163.39193736680195,152.9192748952216,,,,,,,0,0,3
pilot01/PARTIAL/20260714_151445,PARTIAL,260,INCONCLUSIVE,INCONCLUSIVE,temporal vote did not reach a fail-safe majority,,121.5716330199115,113.69410259955752,158.81905392745003,131.36987494661753,,,,,,,0,0,3
pilot01/PARTIAL/20260714_151445,PARTIAL,265,INCONCLUSIVE,INCONCLUSIVE,temporal vote did not reach a fail-safe majority,,112.52654175884956,100.3343266039823,180.96564372496837,114.51546295899738,,,,,,,0,0,3
pilot01/PARTIAL/20260714_151445,PARTIAL,270,LIVE,INCONCLUSIVE,temporal vote did not reach a fail-safe majority,478,141.73900027654867,114.25682038163717,152.34506847175157,126.65261676227581,125.63298022778277,0.399581589958159,4.810020920159121,15.390199347232727,0.9058577405857741,0.5497271978354981,1,0,2
pilot01/PARTIAL/20260714_151445,PARTIAL,275,INCONCLUSIVE,INCONCLUSIVE,temporal vote did not reach a fail-safe majority,478,147.00705199115043,127.12194068030973,173.32122854739015,174.3914165894936,124.7130856751919,0.7698744769874477,1.299494201626452,3.1935316369467053,0.9163179916317992,0.566437252071119,1,0,2
pilot01/PARTIAL/20260714_151445,PARTIAL,280,LIVE,INCONCLUSIVE,temporal vote did not reach a fail-safe majority,478,149.83753456858406,136.23091814159292,203.09520753979822,179.0462879100426,135.61119953385105,0.5376569037656904,3.8119735929293337,12.44485819254415,0.895397489539749,0.6087503088124944,2,0,1
pilot01/PARTIAL/20260714_151445,PARTIAL,285,INCONCLUSIVE,INCONCLUSIVE,temporal vote did not reach a fail-safe majority,478,163.92508642146018,146.03272953539823,183.8458568285783,173.805899966689,118.67967042421826,0.7426778242677824,1.6069932770801358,4.863624636542096,0.895397489539749,0.713626493542477,1,0,2
pilot01/PARTIAL/20260714_151445,PARTIAL,290,INCONCLUSIVE,INCONCLUSIVE,temporal vote did not reach a fail-safe majority,,150.10341191924778,131.54485273783186,234.99236457178816,200.66395425979786,,,,,,,1,0,2
pilot01/PARTIAL/20260714_151445,PARTIAL,295,INCONCLUSIVE,INCONCLUSIVE,temporal vote did not reach a fail-safe majority,478,154.23719579646018,134.4427163993363,191.54468179636288,179.22248785773704,89.04116576938496,0.8682008368200836,1.1472465909885976,3.5964159250858634,0.9895397489539749,0.47721650711687646,0,0,3
pilot01/PARTIAL/20260714_151445,PARTIAL,300,INCONCLUSIVE,INCONCLUSIVE,temporal vote did not reach a fail-safe majority,478,152.84699599004423,126.55080890486725,190.18125783097688,150.18944493349554,51.39831063735063,0.20711297071129708,10.597045374202295,26.252663504877116,0.6569037656903766,3.018934666855007,0,0,3
pilot01/PARTIAL/20260714_151445,PARTIAL,305,INCONCLUSIVE,INCONCLUSIVE,temporal vote did not reach a fail-safe majority,,139.01614007190267,117.14276479535398,270.27952752068455,163.12092499650444,,,,,,,0,0,3
pilot01/PARTIAL/20260714_151445,PARTIAL,310,INCONCLUSIVE,INCONCLUSIVE,temporal vote did not reach a fail-safe majority,,132.9564504977876,106.11472621681416,326.00578399128824,89.03539243763994,,,,,,,0,0,3
pilot01/PARTIAL/20260714_151445,PARTIAL,315,INCONCLUSIVE,INCONCLUSIVE,temporal vote did not reach a fail-safe majority,,135.84177959070797,118.61980088495575,182.37745549073728,95.09929595911417,,,,,,,0,0,3
pilot01/PARTIAL/20260714_151445,PARTIAL,320,INCONCLUSIVE,INCONCLUSIVE,temporal vote did not reach a fail-safe majority,,110.3346688329646,130.6303235619469,252.0715186638496,72.23137176792103,,,,,,,0,0,3
pilot01/PARTIAL/20260714_151445,PARTIAL,325,INCONCLUSIVE,INCONCLUSIVE,temporal vote did not reach a fail-safe majority,,109.07134264380531,128.60525442477876,311.6206724707034,39.1420172873775,,,,,,,0,0,3
pilot01/PARTIAL/20260714_151445,PARTIAL,330,INCONCLUSIVE,INCONCLUSIVE,temporal vote did not reach a fail-safe majority,,115.02267007743363,130.16637513827433,324.94004697559643,32.770084683841525,,,,,,,0,0,3
pilot01/PARTIAL/20260714_151445,PARTIAL,335,INCONCLUSIVE,INCONCLUSIVE,temporal vote did not reach a fail-safe majority,,114.68004009955752,136.48904521570796,337.0284262160723,38.006982304754324,,,,,,,0,0,3
pilot01/PARTIAL/20260714_151445,PARTIAL,340,INCONCLUSIVE,INCONCLUSIVE,temporal vote did not reach a fail-safe majority,,115.35414131637168,138.88874446902656,333.16224677551395,40.16464687713377,,,,,,,0,0,3
pilot01/PARTIAL/20260714_151445,PARTIAL,345,INCONCLUSIVE,INCONCLUSIVE,temporal vote did not reach a fail-safe majority,,119.92627212389381,139.73307867809734,316.1505376728233,43.09029423328525,,,,,,,0,0,3
pilot01/PARTIAL/20260714_151445,PARTIAL,350,INCONCLUSIVE,INCONCLUSIVE,temporal vote did not reach a fail-safe majority,,121.78765555862832,138.36800331858407,333.46277087199434,61.26657395561148,,,,,,,0,0,3
pilot01/PARTIAL/20260714_151445,PARTIAL,355,INCONCLUSIVE,INCONCLUSIVE,temporal vote did not reach a fail-safe majority,,116.65304549225664,143.26563882743363,331.50596706626095,63.512675222187276,,,,,,,0,0,3
pilot01/PARTIAL/20260714_151445,PARTIAL,360,INCONCLUSIVE,INCONCLUSIVE,temporal vote did not reach a fail-safe majority,,133.45226769911505,132.40702433628317,340.5472205412472,208.05130820982458,,,,,,,0,0,3
pilot01/PARTIAL/20260714_151445,PARTIAL,365,INCONCLUSIVE,INCONCLUSIVE,temporal vote did not reach a fail-safe majority,,132.43292657632745,118.72274267146018,346.8574551289908,189.40449330404806,,,,,,,0,0,3
pilot01/PARTIAL/20260714_151445,PARTIAL,370,INCONCLUSIVE,INCONCLUSIVE,temporal vote did not reach a fail-safe majority,,132.99076327433627,118.73654936393805,357.23627385844134,190.9579976522425,,,,,,,0,0,3
pilot01/PARTIAL/20260714_151445,PARTIAL,375,INCONCLUSIVE,INCONCLUSIVE,temporal vote did not reach a fail-safe majority,,132.381937914823,118.43679134402655,354.0675682797888,193.12802959606148,,,,,,,0,0,3
pilot01/PARTIAL/20260714_151445,PARTIAL,380,INCONCLUSIVE,INCONCLUSIVE,temporal vote did not reach a fail-safe majority,,142.83532563606195,117.9254390210177,65.06402049609923,193.34709027928693,,,,,,,0,0,3
pilot01/PARTIAL/20260714_151445,PARTIAL,385,INCONCLUSIVE,INCONCLUSIVE,temporal vote did not reach a fail-safe majority,,134.11858752765488,119.84779106747787,69.68862647079956,192.32793197650955,,,,,,,0,0,3
pilot01/PARTIAL/20260714_151445,PARTIAL,390,INCONCLUSIVE,INCONCLUSIVE,temporal vote did not reach a fail-safe majority,,148.52472690818584,119.33506637168142,54.669244112965835,202.70843945131818,,,,,,,0,0,3
pilot01/PARTIAL/20260714_151445,PARTIAL,395,INCONCLUSIVE,INCONCLUSIVE,temporal vote did not reach a fail-safe majority,,149.2818480365044,121.7238765210177,128.99552682503003,202.21099398931818,,,,,,,0,0,3
pilot01/PARTIAL/20260714_151445,PARTIAL,400,INCONCLUSIVE,INCONCLUSIVE,temporal vote did not reach a fail-safe majority,,120.51295976216814,138.80862831858408,198.43924167968552,162.45350039030188,,,,,,,0,0,3
pilot01/PARTIAL/20260714_151445,PARTIAL,405,INCONCLUSIVE,INCONCLUSIVE,temporal vote did not reach a fail-safe majority,,128.89791897123894,95.75038371128319,358.56101674384246,62.59051077643822,,,,,,,0,0,3
pilot01/PARTIAL/20260714_151445,PARTIAL,410,INCONCLUSIVE,INCONCLUSIVE,temporal vote did not reach a fail-safe majority,,128.74777032632744,133.7002834623894,364.18379553778806,51.18638722808931,,,,,,,0,0,3
pilot01/PARTIAL/20260714_151445,PARTIAL,415,INCONCLUSIVE,INCONCLUSIVE,temporal vote did not reach a fail-safe majority,,142.33963288163716,134.0991323285398,7.118562879900709,201.81996085450814,,,,,,,0,0,3
pilot01/PARTIAL/20260714_151445,PARTIAL,420,INCONCLUSIVE,INCONCLUSIVE,temporal vote did not reach a fail-safe majority,,131.14249170353983,128.45693791482302,315.655199067197,206.3857796806475,,,,,,,0,0,3
pilot01/PARTIAL/20260714_151445,PARTIAL,425,INCONCLUSIVE,INCONCLUSIVE,temporal vote did not reach a fail-safe majority,,133.90628802544248,121.27559457964601,347.70742855540755,202.1196893775636,,,,,,,0,0,3
pilot01/PARTIAL/20260714_151445,PARTIAL,430,INCONCLUSIVE,INCONCLUSIVE,temporal vote did not reach a fail-safe majority,,135.31965569690266,122.76359582411504,353.3081611405059,200.19836442563647,,,,,,,0,0,3
pilot01/PARTIAL/20260714_151445,PARTIAL,435,INCONCLUSIVE,INCONCLUSIVE,temporal vote did not reach a fail-safe majority,,137.2124516039823,122.6465293141593,313.0723670982775,190.45038815931161,,,,,,,0,0,3
pilot01/PARTIAL/20260714_151445,PARTIAL,440,INCONCLUSIVE,INCONCLUSIVE,temporal vote did not reach a fail-safe majority,,138.17128042035398,122.17811808628319,342.4838216265651,192.92135374853277,,,,,,,0,0,3
pilot01/PARTIAL/20260714_151445,PARTIAL,445,INCONCLUSIVE,INCONCLUSIVE,temporal vote did not reach a fail-safe majority,,129.28435771570796,118.44273714048673,275.99755134428966,173.2105285864887,,,,,,,0,0,3
pilot01/PARTIAL/20260714_151445,PARTIAL,450,LIVE,INCONCLUSIVE,temporal vote did not reach a fail-safe majority,478,127.74093266039823,118.30710038716815,232.8425089516835,148.6958277817304,99.87551190203148,0.2907949790794979,6.833658402126439,21.897600502408036,0.7280334728033473,1.0354897646342824,1,0,2
pilot01/PARTIAL/20260714_151445,PARTIAL,455,LIVE,INCONCLUSIVE,temporal vote did not reach a fail-safe majority,478,147.65173534292035,122.58737900995575,248.43958850305825,149.95366771041054,123.86226656041251,0.6276150627615062,2.1687360418272443,6.1069686919541555,0.8535564853556485,0.8059844414164711,2,0,1
pilot01/PARTIAL/20260714_151445,PARTIAL,460,INCONCLUSIVE,INCONCLUSIVE,temporal vote did not reach a fail-safe majority,,155.33282287057523,123.11300124446903,263.21635611020946,169.22548371973366,,,,,,,2,0,1
pilot01/PARTIAL/20260714_151445,PARTIAL,465,INCONCLUSIVE,INCONCLUSIVE,temporal vote did not reach a fail-safe majority,,152.7923707134956,124.16156319137168,303.94587315701216,168.4175821623353,,,,,,,1,0,2
pilot01/PARTIAL/20260714_151445,PARTIAL,470,INCONCLUSIVE,INCONCLUSIVE,temporal vote did not reach a fail-safe majority,,148.46024612831857,129.1040064988938,297.87289151349677,194.57988501986804,,,,,,,0,0,3
pilot01/PARTIAL/20260714_151445,PARTIAL,475,INCONCLUSIVE,INCONCLUSIVE,temporal vote did not reach a fail-safe majority,,151.9079611449115,128.3995609789823,308.3835101274862,193.2719221186244,,,,,,,0,0,3
pilot01/PARTIAL/20260714_151445,PARTIAL,480,INCONCLUSIVE,INCONCLUSIVE,temporal vote did not reach a fail-safe majority,,156.19585868362833,130.65677544247788,356.382839732511,212.92860368598235,,,,,,,0,0,3
pilot01/PARTIAL/20260714_151445,PARTIAL,485,INCONCLUSIVE,INCONCLUSIVE,temporal vote did not reach a fail-safe majority,,143.48101839048672,129.78387375553098,355.85099156752165,218.76318346850346,,,,,,,0,0,3
pilot01/PARTIAL/20260714_151445,PARTIAL,490,INCONCLUSIVE,INCONCLUSIVE,temporal vote did not reach a fail-safe majority,,131.6091330199115,128.16330199115043,374.370473772387,218.59146124115097,,,,,,,0,0,3
pilot01/PARTIAL/20260714_151445,PARTIAL,495,INCONCLUSIVE,INCONCLUSIVE,temporal vote did not reach a fail-safe majority,,115.46226147676991,124.3152309181416,266.09959208382486,171.51047164124716,,,,,,,0,0,3
pilot01/PARTIAL/20260714_151445,PARTIAL,500,LIVE,INCONCLUSIVE,temporal vote did not reach a fail-safe majority,478,110.34745229535399,131.77248340707965,200.06968366379294,132.96772815800838,120.52812531821385,0.22384937238493724,14.743856853603715,53.342942070773994,0.8577405857740585,0.7070437748930621,1,0,2
pilot01/PARTIAL/20260714_151445,PARTIAL,505,INCONCLUSIVE,INCONCLUSIVE,temporal vote did not reach a fail-safe majority,,121.14459347345132,113.63986794800886,192.38709899505608,127.79913508556605,,,,,,,1,0,2
pilot01/PARTIAL/20260714_151445,PARTIAL,510,INCONCLUSIVE,INCONCLUSIVE,temporal vote did not reach a fail-safe majority,,133.62985688606196,118.61491288716815,166.63008336363185,136.63880939600455,,,,,,,1,0,2
pilot01/PARTIAL/20260714_151445,PARTIAL,515,INCONCLUSIVE,INCONCLUSIVE,temporal vote did not reach a fail-safe majority,,141.26980434181417,117.86171529314159,167.3568848225542,170.38139194337657,,,,,,,0,0,3
pilot01/PARTIAL/20260714_151445,PARTIAL,520,INCONCLUSIVE,INCONCLUSIVE,temporal vote did not reach a fail-safe majority,,132.3642146017699,114.04436877765487,132.35868776296167,166.3782921506595,,,,,,,0,0,3
pilot01/PARTIAL/20260714_151445,PARTIAL,525,INCONCLUSIVE,INCONCLUSIVE,temporal vote did not reach a fail-safe majority,,126.15861449115044,116.10860066371681,143.10261754349858,115.48788836427578,,,,,,,0,0,3
pilot01/PARTIAL/20260714_151445,PARTIAL,530,INCONCLUSIVE,INCONCLUSIVE,temporal vote did not reach a fail-safe majority,,165.57287748893805,151.50022123893805,76.46343894832425,146.42032809638485,,,,,,,0,0,3
pilot01/PARTIAL/20260714_151445,PARTIAL,535,INCONCLUSIVE,INCONCLUSIVE,temporal vote did not reach a fail-safe majority,,158.5493673949115,138.31077157079645,91.22464739077503,143.90636153033594,,,,,,,0,0,3
pilot01/PARTIAL/20260714_151445,PARTIAL,540,INCONCLUSIVE,INCONCLUSIVE,temporal vote did not reach a fail-safe majority,,134.07545976216815,121.98556761615045,140.86774056503268,130.43128368448487,,,,,,,0,0,3
pilot01/PARTIAL/20260714_151445,PARTIAL,545,INCONCLUSIVE,INCONCLUSIVE,temporal vote did not reach a fail-safe majority,,119.09466261061947,117.61241703539822,180.16344638912594,135.27743262728993,,,,,,,0,0,3
pilot01/PARTIAL/20260714_151445,PARTIAL,550,INCONCLUSIVE,INCONCLUSIVE,temporal vote did not reach a fail-safe majority,,128.7097725387168,119.28947732300885,262.98777061674514,177.71106638097362,,,,,,,0,0,3
pilot01/PARTIAL/20260714_151445,PARTIAL,555,INCONCLUSIVE,INCONCLUSIVE,temporal vote did not reach a fail-safe majority,,125.35474280973452,117.78405351216814,296.5828307563423,189.74028039059164,,,,,,,0,0,3
pilot01/PARTIAL/20260714_151445,PARTIAL,560,INCONCLUSIVE,INCONCLUSIVE,temporal vote did not reach a fail-safe majority,,121.58768321349558,119.52203401548672,299.5190261868783,189.53043004982007,,,,,,,0,0,3
pilot01/PARTIAL/20260714_151445,PARTIAL,565,INCONCLUSIVE,INCONCLUSIVE,temporal vote did not reach a fail-safe majority,,120.8262202710177,119.0244641869469,292.5313557730678,193.29014745947242,,,,,,,0,0,3
pilot01/PARTIAL/20260714_151445,PARTIAL,570,INCONCLUSIVE,INCONCLUSIVE,temporal vote did not reach a fail-safe majority,,120.5927786227876,117.82684596238938,299.3740113493819,193.81985546049026,,,,,,,0,0,3
pilot01/PARTIAL/20260714_151445,PARTIAL,575,INCONCLUSIVE,INCONCLUSIVE,temporal vote did not reach a fail-safe majority,,120.58818791482301,112.73171667588495,267.1136552172516,164.83793961888165,,,,,,,0,0,3
pilot01/PARTIAL/20260714_151445,PARTIAL,580,INCONCLUSIVE,INCONCLUSIVE,temporal vote did not reach a fail-safe majority,,126.7809596238938,114.7057141869469,351.4678962916762,205.9600283375275,,,,,,,0,0,3
pilot01/PARTIAL/20260714_151445,PARTIAL,585,INCONCLUSIVE,INCONCLUSIVE,temporal vote did not reach a fail-safe majority,,127.09696142146018,118.09797082411504,305.3654557989101,180.69962942401398,,,,,,,0,0,3
pilot01/PARTIAL/20260714_151445,PARTIAL,590,INCONCLUSIVE,INCONCLUSIVE,temporal vote did not reach a fail-safe majority,,121.076953125,134.44313467920355,250.75705899232833,197.4457642140621,,,,,,,0,0,3
pilot01/PARTIAL/20260714_151445,PARTIAL,595,INCONCLUSIVE,INCONCLUSIVE,temporal vote did not reach a fail-safe majority,,121.87336836283185,118.71126935840708,250.67053910395165,168.8134813538721,,,,,,,0,0,3
pilot01/PARTIAL/20260714_151445,PARTIAL,600,INCONCLUSIVE,INCONCLUSIVE,temporal vote did not reach a fail-safe majority,,128.327139795354,112.46776133849558,303.7002303503674,166.1827185160765,,,,,,,0,0,3
pilot01/PARTIAL/20260714_151445,PARTIAL,605,INCONCLUSIVE,INCONCLUSIVE,temporal vote did not reach a fail-safe majority,,126.43660813053097,115.43555378871682,321.0551190981289,184.61298604374437,,,,,,,0,0,3
pilot01/PARTIAL/20260714_151445,PARTIAL,610,INCONCLUSIVE,INCONCLUSIVE,temporal vote did not reach a fail-safe majority,,127.6915030420354,118.66793072455752,326.43315063198133,195.6218649196154,,,,,,,0,0,3
pilot01/PARTIAL/20260714_151445,PARTIAL,615,INCONCLUSIVE,INCONCLUSIVE,temporal vote did not reach a fail-safe majority,,125.11854258849557,121.69915306969027,286.955273366948,199.10774847503407,,,,,,,0,0,3
pilot01/PARTIAL/20260714_151445,PARTIAL,620,INCONCLUSIVE,INCONCLUSIVE,temporal vote did not reach a fail-safe majority,,125.22722621681416,122.75519911504425,278.69747804769435,203.84204539745116,,,,,,,0,0,3
pilot01/PARTIAL/20260714_151445,PARTIAL,625,INCONCLUSIVE,INCONCLUSIVE,temporal vote did not reach a fail-safe majority,,125.56864283738938,123.22774474557522,277.52947646040747,202.41047812553347,,,,,,,0,0,3
pilot01/PARTIAL/20260714_151445,PARTIAL,630,INCONCLUSIVE,INCONCLUSIVE,temporal vote did not reach a fail-safe majority,,125.84968888274337,120.9650822732301,301.9449878612264,197.69271036320598,,,,,,,0,0,3
pilot01/PARTIAL/20260714_151445,PARTIAL,635,INCONCLUSIVE,INCONCLUSIVE,temporal vote did not reach a fail-safe majority,,125.21514449668142,120.70156941371681,312.25121173283554,201.0753716925341,,,,,,,0,0,3
pilot01/PARTIAL/20260714_151445,PARTIAL,640,INCONCLUSIVE,INCONCLUSIVE,temporal vote did not reach a fail-safe majority,,125.91417657632743,120.17712942477876,318.3507661346572,199.39655194511,,,,,,,0,0,3
pilot01/PARTIAL/20260714_151445,PARTIAL,645,INCONCLUSIVE,INCONCLUSIVE,temporal vote did not reach a fail-safe majority,,126.03278830199115,119.93027862278761,324.45036394218295,201.07085135538244,,,,,,,0,0,3
pilot01/PARTIAL/20260714_151445,PARTIAL,650,INCONCLUSIVE,INCONCLUSIVE,temporal vote did not reach a fail-safe majority,,126.17484098451328,120.01911642699115,327.10647900337807,201.50847494706878,,,,,,,0,0,3
pilot01/PARTIAL/20260714_151445,PARTIAL,655,INCONCLUSIVE,INCONCLUSIVE,temporal vote did not reach a fail-safe majority,,126.1360342920354,120.46783738938053,300.6936288221516,192.5941363440666,,,,,,,0,0,3
pilot01/PARTIAL/20260714_151445,PARTIAL,660,INCONCLUSIVE,INCONCLUSIVE,temporal vote did not reach a fail-safe majority,,126.11081650995575,120.70448354535398,286.33202034937636,185.57283599879804,,,,,,,0,0,3
pilot01/PARTIAL/20260714_151445,PARTIAL,665,INCONCLUSIVE,INCONCLUSIVE,temporal vote did not reach a fail-safe majority,,128.95904314159293,118.76162541482302,332.6799947038057,195.90991467673288,,,,,,,0,0,3
pilot01/PARTIAL/20260714_151445,PARTIAL,670,INCONCLUSIVE,INCONCLUSIVE,temporal vote did not reach a fail-safe majority,,130.93728913163716,117.62901686946903,351.9873156467736,197.33888941158153,,,,,,,0,0,3
pilot01/PARTIAL/20260714_151445,PARTIAL,675,INCONCLUSIVE,INCONCLUSIVE,temporal vote did not reach a fail-safe majority,,130.17316786504423,117.69582411504425,355.36663008139067,201.6250501764408,,,,,,,0,0,3
pilot01/PARTIAL/20260714_151445,PARTIAL,680,INCONCLUSIVE,INCONCLUSIVE,temporal vote did not reach a fail-safe majority,,132.64581720132745,117.7401375829646,356.8336110937546,202.18167762710343,,,,,,,0,0,3
pilot01/PARTIAL/20260714_151445,PARTIAL,685,INCONCLUSIVE,INCONCLUSIVE,temporal vote did not reach a fail-safe majority,,132.84786711836284,117.7643528761062,356.87576621950126,201.29664609359511,,,,,,,0,0,3
pilot01/PARTIAL/20260714_151445,PARTIAL,690,INCONCLUSIVE,INCONCLUSIVE,temporal vote did not reach a fail-safe majority,,132.7153207964602,117.6588391869469,355.30608722097344,203.30847643620183,,,,,,,0,0,3
pilot01/PARTIAL/20260714_151445,PARTIAL,695,INCONCLUSIVE,INCONCLUSIVE,temporal vote did not reach a fail-safe majority,,132.76892629977877,117.550093335177,357.6166342224389,200.87400292720912,,,,,,,0,0,3
pilot01/PARTIAL/20260714_151445,PARTIAL,700,INCONCLUSIVE,INCONCLUSIVE,temporal vote did not reach a fail-safe majority,,132.89215638827434,117.6322248340708,354.9153917228107,200.64216507094235,,,,,,,0,0,3
pilot01/PARTIAL/20260714_151445,PARTIAL,705,INCONCLUSIVE,INCONCLUSIVE,temporal vote did not reach a fail-safe majority,,133.10501590154868,117.72370713495575,357.8592158131999,200.82256488749562,,,,,,,0,0,3
pilot01/PARTIAL/20260714_151445,PARTIAL,710,INCONCLUSIVE,INCONCLUSIVE,temporal vote did not reach a fail-safe majority,,133.03868224557522,117.90791620575222,356.35680208398423,201.35030057670647,,,,,,,0,0,3
pilot01/PARTIAL/20260714_151445,PARTIAL,715,INCONCLUSIVE,INCONCLUSIVE,temporal vote did not reach a fail-safe majority,,133.0687050608407,117.72171598451328,359.09018136412175,201.67129275625265,,,,,,,0,0,3
pilot01/PARTIAL/20260714_151445,PARTIAL,720,INCONCLUSIVE,INCONCLUSIVE,temporal vote did not reach a fail-safe majority,,133.00618777654867,117.6944793971239,358.12017486415726,200.2273210672227,,,,,,,0,0,3
pilot01/PARTIAL/20260714_151445,PARTIAL,725,INCONCLUSIVE,INCONCLUSIVE,temporal vote did not reach a fail-safe majority,,133.11735688606194,117.62535605641592,356.05800095953634,200.90532144992687,,,,,,,0,0,3
pilot01/PARTIAL/20260714_151445,PARTIAL,730,INCONCLUSIVE,INCONCLUSIVE,temporal vote did not reach a fail-safe majority,,133.06944482853982,117.67423603429204,357.9059707319075,200.67771514005895,,,,,,,0,0,3
pilot01/PARTIAL/20260714_151445,PARTIAL,735,INCONCLUSIVE,INCONCLUSIVE,temporal vote did not reach a fail-safe majority,,133.09660190818585,117.52914131637168,357.9413284515182,201.25750388637258,,,,,,,0,0,3
pilot01/PARTIAL/20260714_151445,PARTIAL,740,INCONCLUSIVE,INCONCLUSIVE,temporal vote did not reach a fail-safe majority,,134.13262928650443,117.89370160398231,351.09806743852755,195.99199125368932,,,,,,,0,0,3
pilot01/PARTIAL/20260714_151445,PARTIAL,745,INCONCLUSIVE,INCONCLUSIVE,temporal vote did not reach a fail-safe majority,,133.82458172013276,117.64708586836284,358.69288824839794,201.9193933255081,,,,,,,0,0,3
pilot01/PARTIAL/20260714_151445,PARTIAL,750,INCONCLUSIVE,INCONCLUSIVE,temporal vote did not reach a fail-safe majority,,132.04219441371683,116.57251797566371,318.32613658732055,209.59880882122772,,,,,,,0,0,3
pilot01/SCREEN_SPOOF/20260714_145943,SCREEN_SPOOF,0,SPOOF,,single homography explains the face landmarks,478,104.332515210177,130.77707757190265,171.0395010193024,292.21143387996375,103.65561038549868,1.0,0.48338716739453325,1.0214175297164774,1.0,0.23988454877994675,,,
pilot01/SCREEN_SPOOF/20260714_145943,SCREEN_SPOOF,5,SPOOF,,single homography explains the face landmarks,478,104.02845685840708,130.25017284292036,170.09494834959057,288.21451403825563,104.48159543757951,0.9728033472803347,0.5942373318132632,1.715301196476227,0.9686192468619247,0.27739720707520993,,,
pilot01/SCREEN_SPOOF/20260714_145943,SCREEN_SPOOF,10,SPOOF,SPOOF,3/3 samples voted SPOOF,478,103.50885301438053,130.23770741150443,158.91466623568425,288.52150116015787,107.93547865086805,0.99581589958159,0.4609882966134754,1.0512182939197634,0.9937238493723849,0.20345301847495564,0,3,0
pilot01/SCREEN_SPOOF/20260714_145943,SCREEN_SPOOF,15,SPOOF,SPOOF,3/3 samples voted SPOOF,478,105.21253802544248,128.3725076050885,155.6235472866109,278.9399014594596,107.71885587500253,1.0,0.538998986073545,1.5262555716351007,0.9832635983263598,0.3496885258245237,0,3,0
pilot01/SCREEN_SPOOF/20260714_145943,SCREEN_SPOOF,20,SPOOF,SPOOF,3/3 samples voted SPOOF,478,104.40338426438053,130.91419040376107,154.7316344832926,269.2205215448007,104.73063552150752,1.0,0.5265691013588554,1.155000875570241,1.0,0.25971896712445586,0,3,0
pilot01/SCREEN_SPOOF/20260714_145943,SCREEN_SPOOF,25,SPOOF,SPOOF,3/3 samples voted SPOOF,478,105.23838841261062,134.91124861725663,204.84699557586177,317.5222381990803,97.34522863925707,0.997907949790795,0.47913276298253504,1.1181850549013952,1.0,0.23042252856126394,0,3,0
pilot01/SCREEN_SPOOF/20260714_145943,SCREEN_SPOOF,30,SPOOF,SPOOF,3/3 samples voted SPOOF,478,106.78239767699115,136.9148506637168,239.77546196188828,343.10681987246517,95.40686058635109,1.0,0.4107216178840395,0.9023998701055023,0.9916317991631799,0.31718710852752596,0,3,0
pilot01/SCREEN_SPOOF/20260714_145943,SCREEN_SPOOF,35,SPOOF,SPOOF,3/3 samples voted SPOOF,478,107.83262582964602,137.3368155420354,250.8518026182868,349.70102155060596,93.90463877047517,1.0,0.4635057139345734,1.0073025335788617,1.0,0.21261880107389486,0,3,0
pilot01/SCREEN_SPOOF/20260714_145943,SCREEN_SPOOF,40,SPOOF,SPOOF,3/3 samples voted SPOOF,478,109.99972690818583,138.33454784292036,242.35415004215486,332.9560056215248,94.87504853540453,0.9728033472803347,0.5917347569332505,1.5659867944176058,0.99581589958159,0.3110269201962966,0,3,0
pilot01/SCREEN_SPOOF/20260714_145943,SCREEN_SPOOF,45,SPOOF,SPOOF,3/3 samples voted SPOOF,478,108.80395810287611,137.01883642146018,227.28051368197742,330.5628423528307,100.39284229740889,1.0,0.4577050101256331,1.1345673559863998,1.0,0.2135535769888689,0,3,0
pilot01/SCREEN_SPOOF/20260714_145943,SCREEN_SPOOF,50,SPOOF,SPOOF,3/3 samples voted SPOOF,478,112.34431692477877,135.43289892146018,226.8828234112351,338.28914359362255,95.15172147375496,0.997907949790795,0.42378893051572214,1.1710478003572558,1.0,0.22950793736156633,0,3,0
pilot01/SCREEN_SPOOF/20260714_145943,SCREEN_SPOOF,55,SPOOF,SPOOF,3/3 samples voted SPOOF,478,111.27979120575222,136.07473382190267,233.03676700117333,344.28619029470894,92.846499795665,0.9769874476987448,0.5700406119803514,1.5070361480295773,0.9665271966527197,0.4277151028098159,0,3,0
pilot01/SCREEN_SPOOF/20260714_145943,SCREEN_SPOOF,60,SPOOF,SPOOF,3/3 samples voted SPOOF,478,107.85918487278761,138.59846861172565,236.87112663067688,310.75350913019787,95.14428588337053,0.9916317991631799,0.5263734268445104,1.2541552906987856,0.9853556485355649,0.4084601257039755,0,3,0
pilot01/SCREEN_SPOOF/20260714_145943,SCREEN_SPOOF,65,SPOOF,SPOOF,3/3 samples voted SPOOF,478,106.03326534845132,127.54293763827434,290.3974069997898,295.1345063289643,95.06699946799087,0.997907949790795,0.534325028979983,1.2112273553038362,1.0,0.3308624458906874,0,3,0
pilot01/SCREEN_SPOOF/20260714_145943,SCREEN_SPOOF,70,SPOOF,SPOOF,3/3 samples voted SPOOF,478,116.28361449115044,119.5216330199115,178.72223271734032,212.65309725675147,99.69910083025395,1.0,0.37846372751172846,0.8841684982003393,1.0,0.1940172399372135,0,3,0
pilot01/SCREEN_SPOOF/20260714_145943,SCREEN_SPOOF,75,SPOOF,SPOOF,3/3 samples voted SPOOF,478,124.34090154867256,118.05024543694691,208.144383296269,285.5265030161161,98.6583586957426,1.0,0.46207205858871975,1.1573382924137963,1.0,0.28936046395075676,0,3,0
pilot01/SCREEN_SPOOF/20260714_145943,SCREEN_SPOOF,80,SPOOF,SPOOF,3/3 samples voted SPOOF,478,107.99572386615044,129.14324184181416,209.31354504040576,274.3344472111408,99.32105288899477,0.997907949790795,0.5802111351793986,1.358294274750156,0.9937238493723849,0.2621047836721173,0,3,0
pilot01/SCREEN_SPOOF/20260714_145943,SCREEN_SPOOF,85,SPOOF,SPOOF,3/3 samples voted SPOOF,478,108.08647331305309,131.41346792035398,271.4351744577302,287.43114804312324,97.23046905734175,1.0,0.37006887580060166,0.9366340827313281,1.0,0.24583849910148223,0,3,0
pilot01/SCREEN_SPOOF/20260714_145943,SCREEN_SPOOF,90,SPOOF,SPOOF,3/3 samples voted SPOOF,478,118.73206236172567,120.932421875,169.80342817000752,220.92292279059666,97.79790834041694,1.0,0.5719210914259232,1.3266189019086572,0.997907949790795,0.26910793897101054,0,3,0
pilot01/SCREEN_SPOOF/20260714_145943,SCREEN_SPOOF,95,SPOOF,SPOOF,3/3 samples voted SPOOF,478,123.81339878318585,122.47795561393805,173.02524966146495,235.3173908060549,99.06603158814305,1.0,0.4812500217572157,0.9725620974065511,0.99581589958159,0.3866698858718204,0,3,0
pilot01/SCREEN_SPOOF/20260714_145943,SCREEN_SPOOF,100,SPOOF,SPOOF,3/3 samples voted SPOOF,478,106.42141523783185,132.81159430309734,260.5337380420519,295.32838616445764,98.63224467744836,0.9853556485355649,0.5532591338104624,1.3372585974544873,0.9707112970711297,0.398677180743676,0,3,0
pilot01/SCREEN_SPOOF/20260714_145943,SCREEN_SPOOF,105,SPOOF,SPOOF,3/3 samples voted SPOOF,478,109.9022953539823,126.4779314159292,272.2673635052264,273.7035245730507,103.77488817660397,1.0,0.463444923887035,1.2492218903319312,1.0,0.31194033500844354,0,3,0
pilot01/SCREEN_SPOOF/20260714_145943,SCREEN_SPOOF,110,SPOOF,SPOOF,3/3 samples voted SPOOF,478,112.77985342920354,123.9350076050885,261.1749454053338,251.6379273804581,106.9539721270863,1.0,0.36255089704686266,0.8770787467071547,1.0,0.23810346259282456,0,3,0
pilot01/SCREEN_SPOOF/20260714_145943,SCREEN_SPOOF,115,SPOOF,SPOOF,3/3 samples voted SPOOF,478,113.36178097345133,122.1109858960177,227.8200631656747,238.30674193952345,107.18580773892062,0.9895397489539749,0.6639004480895145,1.3194206484683892,0.9937238493723849,0.43249328323465563,0,3,0
pilot01/SCREEN_SPOOF/20260714_145943,SCREEN_SPOOF,120,SPOOF,SPOOF,3/3 samples voted SPOOF,478,122.97801438053098,117.30382674225663,170.61251049600105,237.6334428064593,98.92338698559239,0.9832635983263598,0.5773930716716863,1.3868845998764232,0.9707112970711297,0.3602728741509594,0,3,0
pilot01/SCREEN_SPOOF/20260714_145943,SCREEN_SPOOF,125,SPOOF,SPOOF,3/3 samples voted SPOOF,478,128.16775788163716,122.36874308628319,225.88723118485314,298.3591992598456,96.15814779991264,0.9790794979079498,0.5859727678310968,1.3879932415266305,1.0,0.43816835279173305,0,3,0
pilot01/SCREEN_SPOOF/20260714_145943,SCREEN_SPOOF,130,SPOOF,SPOOF,3/3 samples voted SPOOF,478,119.74957826327433,125.98678788716815,180.64411639533594,281.4254641453685,98.27391753835515,0.99581589958159,0.40083879352969437,0.8312860953042499,0.99581589958159,0.31259863279359873,0,3,0
pilot01/SCREEN_SPOOF/20260714_145943,SCREEN_SPOOF,135,SPOOF,SPOOF,3/3 samples voted SPOOF,478,107.758984375,134.25875967920354,209.21797984707953,269.91203030777666,107.68258688053324,0.9916317991631799,0.49370150316275413,1.2632373091176354,0.9916317991631799,0.3329062060379735,0,3,0
pilot01/SCREEN_SPOOF/20260714_145943,SCREEN_SPOOF,140,SPOOF,SPOOF,3/3 samples voted SPOOF,478,108.80397193030973,132.66358891039823,177.74536181327778,252.36345748609787,107.16820866549891,0.99581589958159,0.4785649470970855,1.1612392352964505,1.0,0.20193505885051083,0,3,0
pilot01/SCREEN_SPOOF/20260714_145943,SCREEN_SPOOF,145,SPOOF,SPOOF,3/3 samples voted SPOOF,478,119.32981194690265,128.45730779867256,207.85024475704708,323.1272903564391,96.83004823221415,0.9916317991631799,0.39475789141268336,1.0897590271101365,0.9937238493723849,0.2714798753068387,0,3,0
pilot01/SCREEN_SPOOF/20260714_145943,SCREEN_SPOOF,150,SPOOF,SPOOF,3/3 samples voted SPOOF,478,119.21129701327433,128.66988039269913,238.5465883091262,322.15094581400257,98.00242069109284,1.0,0.370778261315305,0.9085259557352999,1.0,0.30870422578940565,0,3,0
pilot01/SCREEN_SPOOF/20260714_145943,SCREEN_SPOOF,155,SPOOF,SPOOF,3/3 samples voted SPOOF,478,116.08077986725664,129.75515071902655,220.63137432257625,315.36797528418896,101.78647407492387,1.0,0.5958144968308833,1.4599582482780913,1.0,0.31460523519747424,0,3,0
pilot01/SCREEN_SPOOF/20260714_145943,SCREEN_SPOOF,160,SPOOF,SPOOF,3/3 samples voted SPOOF,478,116.54494952986725,128.74489767699114,214.3260556514721,299.42578463027166,102.20800601321456,1.0,0.44255054396610133,1.016317944471825,1.0,0.22032384106848024,0,3,0
pilot01/SCREEN_SPOOF/20260714_145943,SCREEN_SPOOF,165,SPOOF,SPOOF,3/3 samples voted SPOOF,478,117.66946556969026,131.7150338772124,208.63585432459058,303.6823825747334,99.88251974888841,0.9435146443514645,0.7616109103697312,2.0961271994934125,0.9414225941422594,0.399477358365871,0,3,0
pilot01/SCREEN_SPOOF/20260714_145943,SCREEN_SPOOF,170,SPOOF,SPOOF,3/3 samples voted SPOOF,478,119.9700705199115,131.68835038716813,222.95351374159296,340.7382058974535,94.12016347081871,1.0,0.5331231332743123,1.223611175907622,0.99581589958159,0.3628500255980084,0,3,0
pilot01/SCREEN_SPOOF/20260714_145943,SCREEN_SPOOF,175,SPOOF,SPOOF,3/3 samples voted SPOOF,478,123.30468058628318,131.033891039823,242.28334314874945,364.3922150199652,90.46506967163873,0.9539748953974896,0.7262651516993633,1.9107010738492942,0.9581589958158996,0.4422583065430309,0,3,0
pilot01/SCREEN_SPOOF/20260714_145943,SCREEN_SPOOF,180,SPOOF,SPOOF,3/3 samples voted SPOOF,478,127.42095893252213,130.03074529867257,286.91330682802766,387.222223792795,86.24049111703522,1.0,0.3562689716685755,0.7533603016604331,1.0,0.13193233009996932,0,3,0
pilot01/SCREEN_SPOOF/20260714_145943,SCREEN_SPOOF,185,SPOOF,SPOOF,3/3 samples voted SPOOF,478,118.84453470685841,134.0853014380531,243.74203830968446,327.440509501877,89.69850643552968,0.9225941422594143,0.7891089614718978,2.4781678205049595,0.9790794979079498,0.31385274915178674,0,3,0
pilot01/SCREEN_SPOOF/20260714_145943,SCREEN_SPOOF,190,SPOOF,SPOOF,3/3 samples voted SPOOF,478,115.06538993362832,134.78577157079647,305.1063472254691,355.5933988856201,89.40761404786275,0.9476987447698745,0.6620109480201802,2.0314994980806724,0.9937238493723849,0.3542974820717539,0,3,0
pilot01/SCREEN_SPOOF/20260714_145943,SCREEN_SPOOF,195,SPOOF,SPOOF,3/3 samples voted SPOOF,478,118.62365182522124,123.14900096792036,293.31179230564453,341.11207927947936,91.1395663012699,0.9707112970711297,0.6009727244380756,1.792582937417707,0.9811715481171548,0.3054491882620186,0,3,0
pilot01/SCREEN_SPOOF/20260714_145943,SCREEN_SPOOF,200,SPOOF,SPOOF,3/3 samples voted SPOOF,478,123.20145188053097,121.91814504977876,291.0635942454774,326.8941479658052,91.06196989520996,1.0,0.4065059930535077,1.1273954730243005,0.99581589958159,0.25675017705314335,0,3,0
pilot01/SCREEN_SPOOF/20260714_145943,SCREEN_SPOOF,205,SPOOF,SPOOF,3/3 samples voted SPOOF,478,123.01218542588495,121.52951811393805,279.8058472270489,309.6435449218272,91.976596308114,0.9937238493723849,0.5801286753924811,1.285303510963273,1.0,0.21269513153951017,0,3,0
pilot01/SCREEN_SPOOF/20260714_145943,SCREEN_SPOOF,210,SPOOF,SPOOF,3/3 samples voted SPOOF,478,118.23196211283185,123.93717505530974,281.33938045062257,302.87358947170753,97.18174302397604,1.0,0.48478412167172563,1.0431523124421476,1.0,0.29134957023321534,0,3,0
pilot01/SCREEN_SPOOF/20260714_145943,SCREEN_SPOOF,215,SPOOF,SPOOF,3/3 samples voted SPOOF,478,118.00714186946902,123.56605019358408,273.37075987082216,288.57643632772727,99.75679280481701,0.9811715481171548,0.5824694405364377,1.3583827631016911,1.0,0.2217440621563392,0,3,0
pilot01/SCREEN_SPOOF/20260714_145943,SCREEN_SPOOF,220,SPOOF,SPOOF,3/3 samples voted SPOOF,478,123.95894980641593,120.61474350110619,201.9593890232203,283.1658575264985,95.6025682984731,0.99581589958159,0.5760112243409179,1.2045339604973533,1.0,0.34575531098915824,0,3,0
pilot01/SCREEN_SPOOF/20260714_145943,SCREEN_SPOOF,225,SPOOF,SPOOF,3/3 samples voted SPOOF,478,130.78737900995574,122.27805586283186,265.3290682679513,327.24134401579374,90.57151793413215,0.9895397489539749,0.651219615591997,1.7843101273709714,0.9853556485355649,0.3427474451207607,0,3,0
pilot01/SCREEN_SPOOF/20260714_145943,SCREEN_SPOOF,230,SPOOF,SPOOF,3/3 samples voted SPOOF,478,130.6603532909292,125.54073561946903,278.2249032547961,352.8327360073403,89.41111060121571,1.0,0.5103021793743084,1.084370116231348,1.0,0.2391449061928204,0,3,0
pilot01/SCREEN_SPOOF/20260714_145943,SCREEN_SPOOF,235,SPOOF,SPOOF,3/3 samples voted SPOOF,478,126.6498582688053,126.58990943030973,272.92918065037276,330.2277545338452,92.38532827292788,0.9707112970711297,0.6579272051597929,1.653264334497501,0.9769874476987448,0.3783328930179209,0,3,0
pilot01/SCREEN_SPOOF/20260714_145943,SCREEN_SPOOF,240,SPOOF,SPOOF,3/3 samples voted SPOOF,478,129.73216606747786,125.18516316371681,219.29752023341243,319.4948938940327,93.44654126581887,0.9916317991631799,0.7215860664519836,1.6089923664989032,0.9874476987447699,0.37355483089796415,0,3,0
pilot01/SCREEN_SPOOF/20260714_145943,SCREEN_SPOOF,245,SPOOF,SPOOF,3/3 samples voted SPOOF,478,132.3617636891593,126.35108891039823,228.30016963418905,331.7616304928486,94.75729667198243,1.0,0.36677338516060753,0.7827498524049811,1.0,0.1911955224977248,0,3,0
pilot01/SCREEN_SPOOF/20260714_145943,SCREEN_SPOOF,250,SPOOF,SPOOF,3/3 samples voted SPOOF,478,121.05320450774336,131.02003940818585,217.29450170987343,315.04722009636555,94.38489079608284,0.9267782426778243,0.8950677584392778,2.409533158799959,0.9456066945606695,0.431288723694138,0,3,0
pilot01/SCREEN_SPOOF/20260714_145943,SCREEN_SPOOF,255,SPOOF,SPOOF,3/3 samples voted SPOOF,478,120.45210522676992,131.00031457411504,207.3988299832526,310.96124400537155,94.28563380093222,0.99581589958159,0.4758381080338637,1.164812782928601,1.0,0.3043877645632838,0,3,0
pilot01/SCREEN_SPOOF/20260714_145943,SCREEN_SPOOF,260,SPOOF,SPOOF,3/3 samples voted SPOOF,478,121.61490251659292,130.0436048119469,208.3020788559879,322.1642936743468,96.38013114618737,0.9581589958158996,0.7001337693310182,1.9259024836974468,0.9916317991631799,0.5071969812610472,0,3,0
pilot01/SCREEN_SPOOF/20260714_145943,SCREEN_SPOOF,265,SPOOF,SPOOF,3/3 samples voted SPOOF,478,121.76098243915929,129.57315749446903,207.40402226507436,331.43950210106436,98.01641450708553,0.9644351464435147,0.6104879850907488,1.5756574183929468,1.0,0.28567179321360686,0,3,0
pilot01/SCREEN_SPOOF/20260714_145943,SCREEN_SPOOF,270,SPOOF,SPOOF,3/3 samples voted SPOOF,478,120.57574668141594,130.27511061946902,210.5024214185986,328.5116569418186,96.42613148192815,0.9707112970711297,0.5941012722832981,1.5858792951484462,1.0,0.2175640685057322,0,3,0
pilot01/SCREEN_SPOOF/20260714_145943,SCREEN_SPOOF,275,SPOOF,SPOOF,3/3 samples voted SPOOF,478,118.79791551438053,131.82039200774335,221.0450224007006,325.1712109275577,96.70946985607162,1.0,0.4257147960395755,1.0115278319721464,1.0,0.3365861725495742,0,3,0
pilot01/SCREEN_SPOOF/20260714_145943,SCREEN_SPOOF,280,SPOOF,SPOOF,3/3 samples voted SPOOF,478,118.71620575221239,131.44060080199114,214.67077865055674,327.68139346268305,95.28181978475531,0.9330543933054394,0.8078771063497634,2.28489223421796,0.9581589958158996,0.3619078556726056,0,3,0
pilot01/SCREEN_SPOOF/20260714_145943,SCREEN_SPOOF,285,SPOOF,SPOOF,3/3 samples voted SPOOF,478,119.91920284845133,130.53102876106195,214.1087767368185,339.9755077294125,95.88357329362044,1.0,0.5681374748178232,1.4251980266863187,0.99581589958159,0.30172044950644133,0,3,0
pilot01/SCREEN_SPOOF/20260714_145943,SCREEN_SPOOF,290,SPOOF,SPOOF,3/3 samples voted SPOOF,478,119.85264449668142,130.8260197732301,215.08767540836624,324.26656376791703,95.90574752739631,0.9916317991631799,0.6367320540396603,1.2988866005250561,0.997907949790795,0.36305560368052625,0,3,0
pilot01/SCREEN_SPOOF/20260714_145943,SCREEN_SPOOF,295,SPOOF,SPOOF,3/3 samples voted SPOOF,478,119.73538094579646,131.35008987831858,217.69726908066346,341.5383495764412,96.47126133422405,1.0,0.4889811581290803,1.2007595770534556,1.0,0.2636506773920018,0,3,0
pilot01/SCREEN_SPOOF/20260714_145943,SCREEN_SPOOF,300,SPOOF,SPOOF,3/3 samples voted SPOOF,478,119.89446902654868,130.4754390210177,245.10716658581543,333.6939083170288,100.04331072895512,1.0,0.358164097043809,0.7882466354961744,1.0,0.43480940705289656,0,3,0
pilot01/SCREEN_SPOOF/20260714_145943,SCREEN_SPOOF,305,SPOOF,SPOOF,3/3 samples voted SPOOF,478,121.11073008849557,130.2944793971239,215.61736544484566,349.44214031522114,97.61578515941277,0.9790794979079498,0.5275466397638918,1.5469506573325031,0.9811715481171548,0.32463241451389024,0,3,0
pilot01/SCREEN_SPOOF/20260714_145943,SCREEN_SPOOF,310,SPOOF,SPOOF,3/3 samples voted SPOOF,478,120.93845409292035,129.8070381637168,204.69515448915078,330.2915145110307,101.47548822000786,0.9874476987447699,0.5803070325226742,1.5937840607897265,0.9916317991631799,0.3574442288146588,0,3,0
pilot01/SCREEN_SPOOF/20260714_145943,SCREEN_SPOOF,315,SPOOF,SPOOF,3/3 samples voted SPOOF,478,114.7374032079646,131.78913163716814,185.97031327433962,318.33551535621393,105.85688014423606,0.9937238493723849,0.5030618631685049,1.1645838351856976,0.9916317991631799,0.33021387201383906,0,3,0
pilot01/SCREEN_SPOOF/20260714_145943,SCREEN_SPOOF,320,SPOOF,SPOOF,3/3 samples voted SPOOF,478,113.91556969026549,131.53384955752213,179.05740012260375,310.7988522845781,105.30056388675868,1.0,0.5296203542793518,1.2336624944504755,1.0,0.23035777873971208,0,3,0
pilot01/SCREEN_SPOOF/20260714_145943,SCREEN_SPOOF,325,SPOOF,SPOOF,3/3 samples voted SPOOF,478,114.27218266039823,131.19000622234512,177.7173514887239,314.37807291289454,104.67007919829919,1.0,0.47318898922811425,1.1472571520154697,0.9916317991631799,0.18804027122936098,0,3,0
pilot01/SCREEN_SPOOF/20260714_145943,SCREEN_SPOOF,330,SPOOF,SPOOF,3/3 samples voted SPOOF,478,113.7040030420354,131.2780766039823,176.16045658406435,307.7593473775886,105.36299508120219,0.9707112970711297,0.6178539411508149,1.635316617845342,0.9769874476987448,0.28333469826386576,0,3,0
pilot01/SCREEN_SPOOF/20260714_145943,SCREEN_SPOOF,335,SPOOF,SPOOF,3/3 samples voted SPOOF,478,115.11357853982301,130.80676852876107,175.10913305641836,309.7491607780256,105.98931792583103,0.99581589958159,0.4468193269130198,1.244651413054584,1.0,0.19026142331221196,0,3,0
pilot01/SCREEN_SPOOF/20260714_145943,SCREEN_SPOOF,340,SPOOF,SPOOF,3/3 samples voted SPOOF,478,114.77272884402655,133.57849142699115,176.0077041113805,322.1777593109253,104.75816798432882,0.9602510460251046,0.6485317618768882,1.749906852415504,1.0,0.43673909118696863,0,3,0
pilot01/SCREEN_SPOOF/20260714_145943,SCREEN_SPOOF,345,SPOOF,SPOOF,3/3 samples voted SPOOF,478,115.18614145464602,133.35594925331858,174.79170546666785,324.8714507791832,104.9832260180551,1.0,0.45602504779971564,1.1336094805862125,1.0,0.36720505660995534,0,3,0
pilot01/SCREEN_SPOOF/20260714_145943,SCREEN_SPOOF,350,SPOOF,SPOOF,3/3 samples voted SPOOF,478,115.35294524336283,133.6592263550885,177.80629409406453,328.5800141812335,103.12230440452166,0.9853556485355649,0.443121377268914,1.2935253866706733,0.997907949790795,0.2743896326486765,0,3,0
pilot01/SCREEN_SPOOF/20260714_145943,SCREEN_SPOOF,355,SPOOF,SPOOF,3/3 samples voted SPOOF,478,117.56994952986726,133.8313502488938,189.61806445215944,320.9681908060702,100.1483887811534,0.99581589958159,0.6229004173698494,1.1878927629831202,0.997907949790795,0.4131540606477582,0,3,0
pilot01/SCREEN_SPOOF/20260714_145943,SCREEN_SPOOF,360,SPOOF,SPOOF,3/3 samples voted SPOOF,478,118.07838426438053,133.88639034845133,200.8402119750164,340.22834158086675,100.29547569251842,0.9937238493723849,0.5080807297910445,1.3801045334386843,0.9853556485355649,0.5087430192098491,0,3,0
pilot01/SCREEN_SPOOF/20260714_145943,SCREEN_SPOOF,365,SPOOF,SPOOF,3/3 samples voted SPOOF,478,117.91262099004425,133.13194137168142,192.05805638269902,352.78578061674057,100.27665243749537,0.9853556485355649,0.5363092254798114,1.334848172451462,0.9895397489539749,0.2516002580009773,0,3,0
pilot01/SCREEN_SPOOF/20260714_145943,SCREEN_SPOOF,370,SPOOF,SPOOF,3/3 samples voted SPOOF,478,119.02312292588496,132.9105434181416,180.97736550630384,327.5556017439157,100.627586964054,1.0,0.47475108867583454,1.031187170568126,0.99581589958159,0.330429855466861,0,3,0
pilot01/SCREEN_SPOOF/20260714_145943,SCREEN_SPOOF,375,SPOOF,SPOOF,3/3 samples voted SPOOF,478,118.88971238938053,133.00145188053096,200.44953809879317,346.788457968072,97.82842202083654,0.9895397489539749,0.5105096168881462,1.2531732343829471,1.0,0.1556204977267297,0,3,0
pilot01/SCREEN_SPOOF/20260714_145943,SCREEN_SPOOF,380,SPOOF,SPOOF,3/3 samples voted SPOOF,478,118.45974142699114,132.67533185840708,188.9203700505622,317.7903077345352,101.74523668808219,0.9728033472803347,0.5943722093573532,1.57668353649129,0.997907949790795,0.24332417730911948,0,3,0
pilot01/SCREEN_SPOOF/20260714_145943,SCREEN_SPOOF,385,SPOOF,SPOOF,3/3 samples voted SPOOF,478,119.26882605088495,131.9278311670354,194.21617038819716,328.5989945757437,100.1623498869343,1.0,0.50236039390033,1.2166378942701201,1.0,0.2602191185619003,0,3,0
pilot01/SCREEN_SPOOF/20260714_145943,SCREEN_SPOOF,390,SPOOF,SPOOF,3/3 samples voted SPOOF,478,118.78828816371681,132.93861310840708,200.28445020789334,347.9254925120298,97.86396818597048,1.0,0.41262239341970347,0.7998019939344236,1.0,0.16946654431528987,0,3,0
pilot01/SCREEN_SPOOF/20260714_145943,SCREEN_SPOOF,395,SPOOF,SPOOF,3/3 samples voted SPOOF,478,119.46802751659293,132.36828678097345,197.24330304637175,343.3849547702199,99.19352729031432,0.9351464435146444,0.7321964498769723,2.326919751434285,0.9623430962343096,0.33193832058333894,0,3,0
pilot01/SCREEN_SPOOF/20260714_145943,SCREEN_SPOOF,400,SPOOF,SPOOF,3/3 samples voted SPOOF,478,119.57071695243363,131.82461974557523,199.8351779148276,336.56509614803304,98.26715940417918,0.99581589958159,0.4962110958610445,1.2813267553567314,0.997907949790795,0.2979953225808129,0,3,0
pilot01/SCREEN_SPOOF/20260714_145943,SCREEN_SPOOF,405,SPOOF,SPOOF,3/3 samples voted SPOOF,478,119.65846238938053,133.27019150995577,210.94818462927793,344.43320543084695,96.46234158461948,0.9916317991631799,0.5040311770827897,1.1177151759725235,0.9916317991631799,0.35087068903956137,0,3,0
pilot01/SCREEN_SPOOF/20260714_145943,SCREEN_SPOOF,410,SPOOF,SPOOF,3/3 samples voted SPOOF,478,119.61020464601769,132.5043521847345,202.0277189933185,348.9157195760037,97.4438168035513,0.99581589958159,0.4458364816048669,1.1612666968048544,1.0,0.2540646729756195,0,3,0
pilot01/SCREEN_SPOOF/20260714_145943,SCREEN_SPOOF,415,SPOOF,SPOOF,3/3 samples voted SPOOF,478,119.4703090431416,131.95691025995575,202.93753215326439,343.68839863872387,96.9702309567125,0.99581589958159,0.42412994439171864,1.120435237879296,1.0,0.19691976676847453,0,3,0
pilot01/SCREEN_SPOOF/20260714_145943,SCREEN_SPOOF,420,SPOOF,SPOOF,3/3 samples voted SPOOF,478,120.47263896570796,132.04334209070797,195.1139405202675,352.7540885879884,98.58450260913233,0.99581589958159,0.5219395851259144,1.2546666703179115,1.0,0.20713167374234384,0,3,0
pilot01/SCREEN_SPOOF/20260714_145943,SCREEN_SPOOF,425,SPOOF,SPOOF,3/3 samples voted SPOOF,478,120.19426507190265,135.54094303097344,200.1391790142921,356.34803537630927,97.56946542267481,0.9728033472803347,0.6548016455930515,1.6366891122126002,0.9728033472803347,0.3820912916023044,0,3,0
pilot01/SCREEN_SPOOF/20260714_145943,SCREEN_SPOOF,430,SPOOF,SPOOF,3/3 samples voted SPOOF,478,120.37860204646017,135.10211905420354,204.71862840499358,331.7055194957924,98.18020936315835,0.99581589958159,0.5868595953664282,1.4472096757064437,0.9769874476987448,0.44849328025719815,0,3,0
pilot01/SCREEN_SPOOF/20260714_145943,SCREEN_SPOOF,435,SPOOF,SPOOF,3/3 samples voted SPOOF,478,120.47059596238938,135.71438398783187,199.50450119052013,338.86696017255537,98.00322852461872,1.0,0.5468051451832995,1.302296446179867,0.997907949790795,0.35907928375532105,0,3,0
pilot01/SCREEN_SPOOF/20260714_145943,SCREEN_SPOOF,440,SPOOF,SPOOF,3/3 samples voted SPOOF,478,120.0762202710177,135.49933282632745,199.72357922923493,344.27762809561625,98.71200715023627,1.0,0.433146538356596,0.8540439444611281,1.0,0.22979461509995583,0,3,0
pilot01/SCREEN_SPOOF/20260714_145943,SCREEN_SPOOF,445,SPOOF,SPOOF,3/3 samples voted SPOOF,478,119.81775096792036,135.06692132190267,202.14918968103288,351.4824365670186,96.8114540737938,0.9581589958158996,0.6678416909814278,1.7998046314875602,0.9790794979079498,0.27595263686825283,0,3,0
pilot01/SCREEN_SPOOF/20260714_145943,SCREEN_SPOOF,450,SPOOF,SPOOF,3/3 samples voted SPOOF,478,119.52735412057523,135.11502004977876,202.93013572834477,359.1270875440214,99.95540524026276,1.0,0.4345975508287607,1.1189773899389581,1.0,0.25565393486998483,0,3,0
pilot01/SCREEN_SPOOF/20260714_145943,SCREEN_SPOOF,455,SPOOF,SPOOF,3/3 samples voted SPOOF,478,119.79959900442478,134.67610273783185,205.5422194512757,369.9893365313129,97.10603836506435,0.9560669456066946,0.7020093581263362,1.734763638672518,0.9769874476987448,0.4519535783917885,0,3,0
pilot01/SCREEN_SPOOF/20260714_145943,SCREEN_SPOOF,460,SPOOF,SPOOF,3/3 samples voted SPOOF,478,120.08140555862832,135.1626970409292,202.29738905300897,352.1336665551091,96.83261549706727,0.9665271966527197,0.6671648978013371,1.9080210184892366,0.9874476987447699,0.27793449734910103,0,3,0
pilot01/SCREEN_SPOOF/20260714_145943,SCREEN_SPOOF,465,SPOOF,SPOOF,3/3 samples voted SPOOF,478,120.68091814159293,135.0316821073009,208.87580526369405,355.2359308673321,96.54946937216717,0.9686192468619247,0.6529560004645839,1.3689661306877388,1.0,0.3752240170666753,0,3,0
pilot01/SCREEN_SPOOF/20260714_145943,SCREEN_SPOOF,470,SPOOF,SPOOF,3/3 samples voted SPOOF,478,121.38395326327434,133.3618051714602,191.3099082069179,283.6889797393944,101.52937029013194,0.9748953974895398,0.6352236666606978,1.5320789119628087,0.9874476987447699,0.3986797538408143,0,3,0
pilot01/SCREEN_SPOOF/20260714_145943,SCREEN_SPOOF,475,LIVE,INCONCLUSIVE,temporal vote did not reach a fail-safe majority,478,121.70472898230088,131.19214601769912,180.51149401577277,283.46397039650805,104.33873691643213,0.6506276150627615,1.7984858511327788,4.601376674621706,0.9142259414225942,0.6092938551510609,1,2,0
pilot01/SCREEN_SPOOF/20260714_145943,SCREEN_SPOOF,480,SPOOF,INCONCLUSIVE,temporal vote did not reach a fail-safe majority,478,122.45675124446903,131.78743431969028,207.32584186594283,296.37607334836923,97.31377663654064,0.9916317991631799,0.6122706831607321,1.5716956305189247,1.0,0.332277320801811,1,2,0
pilot01/SCREEN_SPOOF/20260714_145943,SCREEN_SPOOF,485,SPOOF,INCONCLUSIVE,temporal vote did not reach a fail-safe majority,478,124.5237762721239,135.25323216261063,215.65388089618776,307.94063651364,93.03477012271053,0.9748953974895398,0.6064813554497962,1.6073075068332134,1.0,0.2557366135941247,1,2,0
pilot01/SCREEN_SPOOF/20260714_145943,SCREEN_SPOOF,490,SPOOF,SPOOF,3/3 samples voted SPOOF,478,124.6317858130531,135.2533220409292,225.6658429326958,366.7874006601447,90.04635131400117,0.9393305439330544,0.7879974348573477,2.090439057496266,0.9832635983263598,0.39820761823554185,0,3,0
pilot01/SCREEN_SPOOF/20260714_145943,SCREEN_SPOOF,495,SPOOF,SPOOF,3/3 samples voted SPOOF,478,122.76212320243363,137.64113661504425,221.4033491879748,344.5459543089262,90.85703874497217,1.0,0.4771954838628601,1.1975740409788211,1.0,0.33636938524746146,0,3,0
pilot01/SCREEN_SPOOF/20260714_145943,SCREEN_SPOOF,500,SPOOF,SPOOF,3/3 samples voted SPOOF,478,117.77260094026549,139.15256498893805,215.2945920122093,371.3890719191743,93.68816750072838,1.0,0.40362239609473005,0.826512845146558,1.0,0.24571766622375188,0,3,0
pilot01/SCREEN_SPOOF/20260714_145943,SCREEN_SPOOF,505,SPOOF,SPOOF,3/3 samples voted SPOOF,478,120.22364491150442,137.42920699668142,209.03336658851515,372.8157459586878,94.60185675757386,0.9832635983263598,0.5373660792797559,1.4083289701699335,0.9853556485355649,0.28764249414427595,0,3,0
pilot01/SCREEN_SPOOF/20260714_145943,SCREEN_SPOOF,510,SPOOF,SPOOF,3/3 samples voted SPOOF,478,120.83953954646017,138.64649820243363,227.35029082728548,375.1095216566324,90.15812023521647,1.0,0.4535165103014496,0.9207786962895977,1.0,0.2375977631330281,0,3,0
pilot01/SCREEN_SPOOF/20260714_145943,SCREEN_SPOOF,515,SPOOF,SPOOF,3/3 samples voted SPOOF,478,120.83650442477877,138.80443514933629,254.23459977073415,396.2118997341159,89.72682810250583,1.0,0.4654474877416435,1.0368244911781181,1.0,0.27347235591785674,0,3,0
pilot01/SCREEN_SPOOF/20260714_145943,SCREEN_SPOOF,520,SPOOF,SPOOF,3/3 samples voted SPOOF,478,118.9321729811947,139.17268390486726,227.599868873359,381.3215162396153,91.82830804857055,1.0,0.34585862024545794,0.7987781306927652,1.0,0.4006906087764106,0,3,0
pilot01/SCREEN_SPOOF/20260714_145943,SCREEN_SPOOF,525,SPOOF,SPOOF,3/3 samples voted SPOOF,478,117.92950082964602,138.6830579369469,200.82713139775012,360.39493924418394,97.48434699894682,1.0,0.38574183720793126,0.8999824383290498,1.0,0.22251228304804183,0,3,0
pilot01/SCREEN_SPOOF/20260714_145943,SCREEN_SPOOF,530,SPOOF,SPOOF,3/3 samples voted SPOOF,478,118.2795872511062,137.42348935287612,189.5896906707785,339.26148157657946,98.56252808036038,0.9665271966527197,0.6081857216669821,1.7470642059543475,0.9790794979079498,0.34036124085531055,0,3,0
pilot01/SCREEN_SPOOF/20260714_145943,SCREEN_SPOOF,535,SPOOF,SPOOF,3/3 samples voted SPOOF,478,119.7583448561947,136.6283738938053,187.33273413388747,342.1455564528208,100.27429383794595,1.0,0.4895431639853915,1.2006881456064955,0.9728033472803347,0.3818632859374368,0,3,0
pilot01/SCREEN_SPOOF/20260714_145943,SCREEN_SPOOF,540,SPOOF,SPOOF,3/3 samples voted SPOOF,478,120.17586075774337,135.13828125,202.42778937498193,326.44303846256634,97.72234433353324,0.9644351464435147,0.5715496976371953,1.7885549859380647,0.9790794979079498,0.32806052884232717,0,3,0
pilot01/SCREEN_SPOOF/20260714_145943,SCREEN_SPOOF,545,SPOOF,SPOOF,3/3 samples voted SPOOF,478,120.21144220132743,137.72240735619468,219.32501550419158,299.1438401727156,91.343537237139,0.9895397489539749,0.4096323750249551,0.8990111851166817,1.0,0.21695560203847045,0,3,0
pilot01/SCREEN_SPOOF/20260714_145943,SCREEN_SPOOF,550,SPOOF,SPOOF,3/3 samples voted SPOOF,478,112.38546045353982,143.4788509402655,235.19252707103243,369.3475902881394,89.52950992984313,0.9895397489539749,0.5052203275732111,1.0930830644809437,0.9916317991631799,0.2519632519520112,0,3,0
pilot01/SCREEN_SPOOF/20260714_145943,SCREEN_SPOOF,555,SPOOF,SPOOF,3/3 samples voted SPOOF,478,116.47907217920354,133.0771052267699,231.97823358818232,327.66845442664436,94.42035749646021,1.0,0.546223296646713,1.0921101797686281,0.99581589958159,0.32859420775642373,0,3,0
pilot01/SCREEN_SPOOF/20260714_145943,SCREEN_SPOOF,560,SPOOF,SPOOF,3/3 samples voted SPOOF,478,116.2503940818584,133.05079507743363,231.93853584145555,316.64456487663557,95.20580483784076,1.0,0.33394380408935337,0.738469363816038,1.0,0.1840867412331502,0,3,0
pilot01/SCREEN_SPOOF/20260714_145943,SCREEN_SPOOF,565,SPOOF,SPOOF,3/3 samples voted SPOOF,478,117.45402032632744,131.84988938053098,219.3224673269043,316.65838019615484,96.4116683576134,1.0,0.5584499948189355,1.1749901149454423,0.9853556485355649,0.35842043364330733,0,3,0
pilot01/SCREEN_SPOOF/20260714_145943,SCREEN_SPOOF,570,SPOOF,SPOOF,3/3 samples voted SPOOF,478,117.38540514380531,131.97409430309733,225.86195712934168,317.2567949856658,95.29553630829587,0.9602510460251046,0.607042590273399,1.834445880314008,0.9790794979079498,0.33951333981852266,0,3,0
pilot01/SCREEN_SPOOF/20260714_145943,SCREEN_SPOOF,575,SPOOF,SPOOF,3/3 samples voted SPOOF,478,118.44073216261062,130.4825117533186,202.0654084414795,317.2135078467698,98.94178296587893,0.9790794979079498,0.6221888893880465,1.5252657912936582,1.0,0.3394545211816424,0,3,0
pilot01/SCREEN_SPOOF/20260714_145943,SCREEN_SPOOF,580,SPOOF,SPOOF,3/3 samples voted SPOOF,478,118.19842712942477,129.97892007743363,196.6748066501347,313.29666745263745,99.17640538681347,0.9372384937238494,0.7141791686470883,2.445869369121209,0.9644351464435147,0.41442186695395944,0,3,0
pilot01/SCREEN_SPOOF/20260714_145943,SCREEN_SPOOF,585,SPOOF,SPOOF,3/3 samples voted SPOOF,478,117.93050331858407,129.56934803650444,192.95202192421385,308.7553273857141,101.50953756211676,0.9707112970711297,0.5927747402120204,1.581347497092974,0.99581589958159,0.3292236314351176,0,3,0
pilot01/SCREEN_SPOOF/20260714_145943,SCREEN_SPOOF,590,SPOOF,SPOOF,3/3 samples voted SPOOF,478,116.11116910951327,129.928031664823,190.53262817942067,301.73810905672235,103.43320351220459,0.9748953974895398,0.5932197389372124,1.5614618450927609,0.99581589958159,0.2585118097455653,0,3,0
pilot01/SCREEN_SPOOF/20260714_145943,SCREEN_SPOOF,595,SPOOF,SPOOF,3/3 samples voted SPOOF,478,115.97660052544248,129.70001382743362,182.93139091467205,299.10637992873825,105.53434597270684,0.9665271966527197,0.5999899561977795,1.749719054976188,0.9937238493723849,0.3308040416340194,0,3,0
pilot01/SCREEN_SPOOF/20260714_145943,SCREEN_SPOOF,600,SPOOF,SPOOF,3/3 samples voted SPOOF,478,114.52360688606194,130.20762582964602,184.7466661693768,291.53960746014087,107.53325000833058,1.0,0.5516339535363647,1.1266926778286381,1.0,0.22496971442440994,0,3,0
pilot01/SCREEN_SPOOF/20260714_145943,SCREEN_SPOOF,605,SPOOF,SPOOF,3/3 samples voted SPOOF,478,114.53630392699115,129.9758849557522,181.9500335160395,285.9412192614926,105.90161520520898,0.9895397489539749,0.5806037975098031,1.2200104849053202,0.9748953974895398,0.34827272770911194,0,3,0
pilot01/SCREEN_SPOOF/20260714_145943,SCREEN_SPOOF,610,SPOOF,SPOOF,3/3 samples voted SPOOF,478,114.08553650442478,133.02224142699114,180.97073622890045,302.9513070270265,107.02581078507818,0.9937238493723849,0.5223196263403871,1.1751748206430341,0.9853556485355649,0.28005012232186716,0,3,0
pilot01/SCREEN_SPOOF/20260714_145943,SCREEN_SPOOF,615,SPOOF,SPOOF,3/3 samples voted SPOOF,478,114.57170215707964,133.19561670353983,178.27905763476576,293.60428382459475,107.348578665565,0.9853556485355649,0.5303882111777976,1.2833056898094366,0.9937238493723849,0.22398876266251289,0,3,0
pilot01/SCREEN_SPOOF/20260714_145943,SCREEN_SPOOF,620,SPOOF,SPOOF,3/3 samples voted SPOOF,478,114.29896294247787,133.1722103152655,181.9690824097741,290.8156510577791,106.57339310065079,0.9832635983263598,0.6751438024834997,1.481743719652659,0.9874476987447699,0.3416236386432014,0,3,0
pilot01/SCREEN_SPOOF/20260714_145943,SCREEN_SPOOF,625,SPOOF,SPOOF,3/3 samples voted SPOOF,478,114.03318238384956,133.29041067477877,181.26499147902564,297.2370085524049,106.27762424705026,0.9372384937238494,0.7979429902628346,2.208016666069008,0.9811715481171548,0.3467721789232178,0,3,0
pilot01/SCREEN_SPOOF/20260714_145943,SCREEN_SPOOF,630,SPOOF,SPOOF,3/3 samples voted SPOOF,478,114.12234167588495,133.47481678650442,179.57601463688914,301.5441968048762,107.2370102468908,1.0,0.46011921566389585,0.9677871891513387,1.0,0.3876502382650515,0,3,0
pilot01/SCREEN_SPOOF/20260714_145943,SCREEN_SPOOF,635,SPOOF,SPOOF,3/3 samples voted SPOOF,478,114.72586767146018,132.92552544247786,179.96378582207763,297.47066585498044,106.04023880174152,0.9916317991631799,0.5929264866991117,1.5051363795980635,1.0,0.44154725680508616,0,3,0
pilot01/SCREEN_SPOOF/20260714_145943,SCREEN_SPOOF,640,SPOOF,SPOOF,3/3 samples voted SPOOF,478,114.7493155420354,132.90573492809733,183.19676301536586,305.3190266519075,106.0024261907917,0.9246861924686193,0.7682406038724374,2.3920220407240578,0.99581589958159,0.3046839567511483,0,3,0
pilot01/SCREEN_SPOOF/20260714_145943,SCREEN_SPOOF,645,SPOOF,SPOOF,3/3 samples voted SPOOF,478,114.99405420353982,132.04607646570796,181.71910575564962,304.2840654958683,105.30832065713108,0.9895397489539749,0.6092441752568711,1.361974881767767,0.9769874476987448,0.4116458153033763,0,3,0
pilot01/SCREEN_SPOOF/20260714_145943,SCREEN_SPOOF,650,SPOOF,SPOOF,3/3 samples voted SPOOF,478,115.27429134402655,131.49424433075222,177.7915509100481,295.1672711776625,105.83098221486047,0.9686192468619247,0.5757833867229216,1.6270936630309447,0.9748953974895398,0.48194374860922334,0,3,0
pilot01/SCREEN_SPOOF/20260714_145943,SCREEN_SPOOF,655,SPOOF,SPOOF,3/3 samples voted SPOOF,478,116.25384402654868,130.97762375553097,174.31135328414885,298.2591578924188,106.38763720476126,0.9811715481171548,0.6412353047631938,1.7545418153788068,0.9707112970711297,0.4174735268606609,0,3,0
pilot01/SCREEN_SPOOF/20260714_145943,SCREEN_SPOOF,660,SPOOF,SPOOF,3/3 samples voted SPOOF,478,113.9243604811947,130.88492809734512,175.29477460899594,294.9620319637299,107.0975632096964,0.9686192468619247,0.628483053152976,1.6847478977294772,0.9748953974895398,0.39644188193935687,0,3,0
pilot01/SCREEN_SPOOF/20260714_145943,SCREEN_SPOOF,665,SPOOF,SPOOF,3/3 samples voted SPOOF,478,112.54586214048672,131.66456374446904,177.96997778968472,305.92055902252093,103.77535874203556,0.9811715481171548,0.6785585022378242,1.6635854746874221,0.9707112970711297,0.5190318953502394,0,3,0
pilot01/SCREEN_SPOOF/20260714_145943,SCREEN_SPOOF,670,SPOOF,SPOOF,3/3 samples voted SPOOF,478,114.9970685840708,132.53527032632743,198.51381326527684,334.0272762150704,100.93549446514949,1.0,0.29201818852197414,0.6369621150600041,1.0,0.19946226983032284,0,3,0
pilot01/SCREEN_SPOOF/20260714_145943,SCREEN_SPOOF,675,SPOOF,SPOOF,3/3 samples voted SPOOF,478,117.22466814159291,131.96448769358406,211.80221609474845,352.5815956168183,95.75620046185765,1.0,0.3938655429060246,0.7864026384304503,0.99581589958159,0.2560821665074814,0,3,0
pilot01/SCREEN_SPOOF/20260714_145943,SCREEN_SPOOF,680,SPOOF,SPOOF,3/3 samples voted SPOOF,478,117.30327018805309,132.1606989767699,208.48463189921443,371.43933880088,96.43016128200773,1.0,0.48746743099291456,0.9546474267325997,0.99581589958159,0.34777438235945074,0,3,0
pilot01/SCREEN_SPOOF/20260714_145943,SCREEN_SPOOF,685,SPOOF,SPOOF,3/3 samples voted SPOOF,478,116.64730365044248,132.90447317477876,213.2037380055689,351.2700060731988,93.93212568154611,0.9895397489539749,0.7940886034326639,1.6371995123350556,0.9686192468619247,0.3914909261064919,0,3,0
pilot01/SCREEN_SPOOF/20260714_145943,SCREEN_SPOOF,690,SPOOF,SPOOF,3/3 samples voted SPOOF,478,116.40857300884956,133.61102046460178,220.3142275189102,363.2450420811328,90.94692392265317,1.0,0.3607210672819163,0.8340664322957445,1.0,0.17633851623293495,0,3,0
pilot01/SCREEN_SPOOF/20260714_145943,SCREEN_SPOOF,695,SPOOF,SPOOF,3/3 samples voted SPOOF,478,116.56715293141593,133.69630461836283,223.14385157767157,364.60658975029247,91.36911847223368,0.9686192468619247,0.6847877930749391,1.7544303592645354,0.9916317991631799,0.37949073943191314,0,3,0
pilot01/SCREEN_SPOOF/20260714_145943,SCREEN_SPOOF,700,SPOOF,SPOOF,3/3 samples voted SPOOF,478,116.84825082964602,133.42305378871683,219.3396988385984,361.7492636804479,91.01556271921503,0.9414225941422594,0.8194709058593878,2.090407025168675,1.0,0.2834574020720285,0,3,0
pilot01/SCREEN_SPOOF/20260714_145943,SCREEN_SPOOF,705,SPOOF,SPOOF,3/3 samples voted SPOOF,478,116.48388066924778,133.28054480088497,221.14546069644484,359.00528747979234,90.27635561610629,0.9916317991631799,0.6560673649806431,1.4032953607879255,1.0,0.2421605529097484,0,3,0
pilot01/SCREEN_SPOOF/20260714_145943,SCREEN_SPOOF,710,SPOOF,SPOOF,3/3 samples voted SPOOF,478,116.7314435840708,132.1727046460177,211.63734037416174,349.7794771781644,92.38679533999087,1.0,0.4778712469409859,1.0606421156244867,1.0,0.25177710691195604,0,3,0
pilot01/SCREEN_SPOOF/20260714_145943,SCREEN_SPOOF,715,SPOOF,SPOOF,3/3 samples voted SPOOF,478,117.24040376106194,131.825390625,220.72869530705802,350.66796339717524,91.28813333733623,1.0,0.43746475856853817,0.9224854525114616,1.0,0.19534332749988165,0,3,0
pilot01/SCREEN_SPOOF/20260714_145943,SCREEN_SPOOF,720,SPOOF,SPOOF,3/3 samples voted SPOOF,478,117.48828470685841,131.6033704369469,216.1914788413378,352.328607166633,91.4028141803131,0.9874476987447699,0.4652654424397161,1.1049277039466576,0.9937238493723849,0.29635886136343725,0,3,0
pilot01/SCREEN_SPOOF/20260714_145943,SCREEN_SPOOF,725,SPOOF,SPOOF,3/3 samples voted SPOOF,478,117.64050746681416,131.33038578539822,219.28211717070087,348.50785225233017,92.0243558821346,0.9937238493723849,0.6146915928514868,1.4011647151201134,1.0,0.31170453364273976,0,3,0
pilot01/SCREEN_SPOOF/20260714_145943,SCREEN_SPOOF,730,SPOOF,SPOOF,3/3 samples voted SPOOF,478,117.90797842920354,131.03513205199116,216.63243198974044,352.10217969792984,91.36530040793042,1.0,0.46008286099675255,0.937469476596284,1.0,0.23714640289787442,0,3,0
pilot01/SCREEN_SPOOF/20260714_145943,SCREEN_SPOOF,735,SPOOF,SPOOF,3/3 samples voted SPOOF,478,118.13362486172566,130.91002834623893,217.5838165773626,350.64628940186435,90.89508239541763,0.9769874476987448,0.6184853457024669,1.5287085966330038,0.9665271966527197,0.5545710314202108,0,3,0
pilot01/SCREEN_SPOOF/20260714_145943,SCREEN_SPOOF,740,SPOOF,SPOOF,3/3 samples voted SPOOF,478,117.95336006637169,131.25901548672567,219.54943996580312,353.1862639522739,91.64192460844913,1.0,0.365079527534577,0.7455590487505296,1.0,0.17370073337642455,0,3,0
